player,pos,team,depth_rank,ahead_count,ahead_volume,own_volume,room_volume,share_of_room
Jacoby Brissett,QB,ARI,1,0,0,0,0,0.0
Gardner Minshew II,QB,ARI,2,1,0,0,0,0.0
Carson Beck,QB,ARI,3,2,0,0,0,0.0
Kedon Slovis,QB,ARI,4,3,0,0,0,0.0
Jeremiyah Love,RB,ARI,1,0,0,0,286,0.0
Tyler Allgeier,RB,ARI,2,1,0,143,286,50.0
Bam Knight,RB,ARI,3,2,143,82,286,28.7
James Conner,RB,ARI,4,3,225,32,286,11.2
Trey Benson,RB,ARI,5,4,257,29,286,10.1
Tre Stewart,RB,ARI,6,5,286,0,286,0.0
Trey McBride,TE,ARI,1,0,0,169,228,74.1
Elijah Higgins,TE,ARI,2,1,169,37,228,16.2
Hunter Long,TE,ARI,3,2,206,17,228,7.5
Tip Reiman,TE,ARI,4,3,223,5,228,2.2
Jameson Geers,TE,ARI,5,4,228,0,228,0.0
Marvin Harrison Jr.,WR,ARI,1,0,0,73,276,26.4
Michael Wilson,WR,ARI,2,1,73,126,276,45.7
Kendrick Bourne,WR,ARI,3,2,199,53,276,19.2
Jalen Brooks,WR,ARI,4,3,252,6,276,2.2
Reggie Virgil,WR,ARI,5,4,258,0,276,0.0
Devin Duvernay,WR,ARI,6,5,258,5,276,1.8
Simi Fehoko,WR,ARI,7,6,263,0,276,0.0
Xavier Weaver,WR,ARI,8,7,263,13,276,4.7
Ihmir Smith-Marsette,WR,ARI,11,8,276,0,276,0.0
Tua Tagovailoa,QB,ATL,1,0,0,0,0,0.0
Michael Penix Jr.,QB,ATL,2,1,0,0,0,0.0
Cooper Rush,QB,ATL,3,2,0,0,0,0.0
Jack Strand,QB,ATL,4,3,0,0,0,0.0
Bijan Robinson,RB,ATL,1,0,0,287,287,100.0
Brian Robinson Jr.,RB,ATL,2,1,287,0,287,0.0
Trey Sermon,RB,ATL,3,2,287,0,287,0.0
Cash Jones,RB,ATL,5,3,287,0,287,0.0
Kyle Pitts Sr.,TE,ATL,1,0,0,0,35,0.0
Charlie Woerner,TE,ATL,2,1,0,9,35,25.7
Austin Hooper,TE,ATL,3,2,9,26,35,74.3
Nick Muse,TE,ATL,4,3,35,0,35,0.0
Jack Velling,TE,ATL,5,4,35,0,35,0.0
Drake London,WR,ATL,1,0,0,112,219,51.1
Jahan Dotson,WR,ATL,2,1,112,36,219,16.4
Olamide Zaccheaus,WR,ATL,3,2,148,65,219,29.7
Zachariah Branch,WR,ATL,4,3,213,0,219,0.0
Chris Blair,WR,ATL,5,4,213,0,219,0.0
Beaux Collins,WR,ATL,6,5,213,6,219,2.7
Vinny Anthony II,WR,ATL,7,6,219,0,219,0.0
Juice Wells Jr.,WR,ATL,8,7,219,0,219,0.0
Le'Meke Brockington,WR,ATL,11,8,219,0,219,0.0
Lamar Jackson,QB,BAL,1,0,0,0,0,0.0
Tyler Huntley,QB,BAL,2,1,0,0,0,0.0
Joe Fagnano,QB,BAL,3,2,0,0,0,0.0
Skylar Thompson,QB,BAL,4,3,0,0,0,0.0
Derrick Henry,RB,BAL,1,0,0,307,332,92.5
Justice Hill,RB,BAL,2,1,307,18,332,5.4
Rasheen Ali,RB,BAL,3,2,325,7,332,2.1
Adam Randall,RB,BAL,4,3,332,0,332,0.0
Elijah Tau-Tolliver,RB,BAL,5,4,332,0,332,0.0
Dontae McMillan,RB,BAL,6,5,332,0,332,0.0
Jonathan Ward,RB,BAL,7,6,332,0,332,0.0
Mark Andrews,TE,BAL,1,0,0,70,76,92.1
Durham Smythe,TE,BAL,2,1,70,6,76,7.9
Matthew Hibner,TE,BAL,3,2,76,0,76,0.0
Josh Cuevas,TE,BAL,4,3,76,0,76,0.0
Ty Pezza,TE,BAL,5,4,76,0,76,0.0
Zay Flowers,WR,BAL,1,0,0,118,164,72.0
Rashod Bateman,WR,BAL,2,1,118,38,164,23.2
Ja'Kobi Lane,WR,BAL,3,2,156,0,164,0.0
Devontez Walker,WR,BAL,4,3,156,8,164,4.9
Elijah Sarratt,WR,BAL,5,4,164,0,164,0.0
LaJohntay Wester,WR,BAL,6,5,164,0,164,0.0
Dayton Wade,WR,BAL,7,6,164,0,164,0.0
Cornelius Johnson,WR,BAL,8,7,164,0,164,0.0
Xavier Guillory,WR,BAL,9,8,164,0,164,0.0
Cortez Braham Jr.,WR,BAL,11,9,164,0,164,0.0
Octavian Smith Jr.,WR,BAL,12,10,164,0,164,0.0
Josh Allen,QB,BUF,1,0,0,0,0,0.0
Kyle Allen,QB,BUF,2,1,0,0,0,0.0
Shane Buechele,QB,BUF,3,2,0,0,0,0.0
James Cook III,RB,BUF,1,0,0,0,108,0.0
Ray Davis,RB,BUF,2,1,0,58,108,53.7
Ty Johnson,RB,BUF,3,2,58,50,108,46.3
Ian Wheeler,RB,BUF,4,3,108,0,108,0.0
Desmond Reid,RB,BUF,6,4,108,0,108,0.0
Dalton Kincaid,TE,BUF,1,0,0,49,121,40.5
Dawson Knox,TE,BUF,2,1,49,49,121,40.5
Jackson Hawes,TE,BUF,3,2,98,19,121,15.7
Keleki Latu,TE,BUF,4,3,117,4,121,3.3
DJ Moore,WR,BUF,1,0,0,85,263,32.3
Khalil Shakir,WR,BUF,2,1,85,95,263,36.1
Keon Coleman,WR,BUF,3,2,180,59,263,22.4
Joshua Palmer,WR,BUF,4,3,239,0,263,0.0
Skyler Bell,WR,BUF,5,4,239,0,263,0.0
Tyrell Shavers,WR,BUF,6,5,239,23,263,8.7
Stephen Gosnell,WR,BUF,8,6,262,0,263,0.0
Max Tomczak,WR,BUF,9,7,262,0,263,0.0
Ja'Mori Maclin,WR,BUF,10,8,262,0,263,0.0
Quentin Skinner,WR,BUF,13,9,262,1,263,0.4
Bryce Young,QB,CAR,1,0,0,0,0,0.0
Kenny Pickett,QB,CAR,2,1,0,0,0,0.0
Haynes King,QB,CAR,3,2,0,0,0,0.0
Kyle Trask,QB,CAR,4,3,0,0,0,0.0
Chuba Hubbard,RB,CAR,1,0,0,134,166,80.7
Jonathon Brooks,RB,CAR,2,1,134,0,166,0.0
AJ Dillon,RB,CAR,3,2,134,12,166,7.2
Trevor Etienne,RB,CAR,4,3,146,20,166,12.0
Anthony Tyus III,RB,CAR,5,4,166,0,166,0.0
Miles Davis,RB,CAR,6,5,166,0,166,0.0
Montrell Johnson Jr.,RB,CAR,7,6,166,0,166,0.0
Tommy Tremble,TE,CAR,1,0,0,37,133,27.8
Mitchell Evans,TE,CAR,2,1,37,25,133,18.8
Darren Waller,TE,CAR,3,2,62,34,133,25.6
Ja'Tavion Sanders,TE,CAR,4,3,96,34,133,25.6
Feleipe Franks,TE,CAR,5,4,130,0,133,0.0
James Mitchell,TE,CAR,6,5,130,3,133,2.3
Caden Prieskorn,TE,CAR,7,6,133,0,133,0.0
Tetairoa McMillan,WR,CAR,1,0,0,122,310,39.4
Jalen Coker,WR,CAR,2,1,122,43,310,13.9
Xavier Legette,WR,CAR,3,2,165,64,310,20.6
John Metchie III,WR,CAR,4,3,229,48,310,15.5
Jimmy Horn Jr.,WR,CAR,5,4,277,15,310,4.8
Brycen Tremayne,WR,CAR,6,5,292,18,310,5.8
Chris Brazzell II,WR,CAR,7,6,310,0,310,0.0
Ja'seem Reed,WR,CAR,9,7,310,0,310,0.0
Roc Taylor,WR,CAR,11,8,310,0,310,0.0
Dan Chisena,WR,CAR,13,9,310,0,310,0.0
Malick Meiga,WR,CAR,14,10,310,0,310,0.0
Ainias Smith,WR,CAR,15,11,310,0,310,0.0
Caleb Williams,QB,CHI,1,0,0,2,2,100.0
Tyson Bagent,QB,CHI,2,1,2,0,2,0.0
Case Keenum,QB,CHI,3,2,2,0,2,0.0
Miller Moss,QB,CHI,4,3,2,0,2,0.0
D'Andre Swift,RB,CHI,1,0,0,223,399,55.9
Kyle Monangai,RB,CHI,2,1,223,169,399,42.4
Roschon Johnson,RB,CHI,3,2,392,2,399,0.5
Brittain Brown,RB,CHI,4,3,394,5,399,1.3
Coleman Bennett,RB,CHI,6,4,399,0,399,0.0
Colston Loveland,TE,CHI,1,0,0,82,130,63.1
Cole Kmet,TE,CHI,2,1,82,48,130,36.9
Sam Roush,TE,CHI,3,2,130,0,130,0.0
Nikola Kalinic,TE,CHI,4,3,130,0,130,0.0
Hayden Large,TE,CHI,5,4,130,0,130,0.0
Rome Odunze,WR,CHI,1,0,0,90,190,47.4
Luther Burden III,WR,CHI,2,1,90,60,190,31.6
Kalif Raymond,WR,CHI,3,2,150,30,190,15.8
Zavion Thomas,WR,CHI,4,3,180,0,190,0.0
Jahdae Walker,WR,CHI,5,4,180,10,190,5.3
Ray-Ray McCloud III,WR,CHI,6,5,190,0,190,0.0
Omari Kelly,WR,CHI,7,6,190,0,190,0.0
JP Richardson,WR,CHI,9,7,190,0,190,0.0
Kaden Davis,WR,CHI,10,8,190,0,190,0.0
Kyron Hudson,WR,CHI,12,9,190,0,190,0.0
Joe Burrow,QB,CIN,1,0,0,0,0,0.0
Joe Flacco,QB,CIN,2,1,0,0,0,0.0
Sean Clifford,QB,CIN,3,2,0,0,0,0.0
Chase Brown,RB,CIN,1,0,0,232,334,69.5
Samaje Perine,RB,CIN,2,1,232,84,334,25.1
Tahj Brooks,RB,CIN,3,2,316,16,334,4.8
Gary Brightwell,RB,CIN,4,3,332,0,334,0.0
Kendall Milton,RB,CIN,5,4,332,2,334,0.6
Jamal Haynes,RB,CIN,6,5,334,0,334,0.0
Kentrel Bullock,RB,CIN,7,6,334,0,334,0.0
Mike Gesicki,TE,CIN,1,0,0,42,64,65.6
Drew Sample,TE,CIN,2,1,42,20,64,31.2
Erick All Jr.,TE,CIN,3,2,62,0,64,0.0
Jack Endries,TE,CIN,4,3,62,0,64,0.0
Cam Grandy,TE,CIN,5,4,62,2,64,3.1
Josh Kattus,TE,CIN,7,5,64,0,64,0.0
Ja'Marr Chase,WR,CIN,1,0,0,185,342,54.1
Tee Higgins,WR,CIN,2,1,185,98,342,28.7
Andrei Iosivas,WR,CIN,3,2,283,58,342,17.0
Colbie Young,WR,CIN,4,3,341,0,342,0.0
Dohnte Meyers,WR,CIN,5,4,341,0,342,0.0
Ke'Shawn Williams,WR,CIN,6,5,341,1,342,0.3
Kendric Pryor,WR,CIN,7,6,342,0,342,0.0
Noah Thomas,WR,CIN,8,7,342,0,342,0.0
Xavier Johnson,WR,CIN,9,8,342,0,342,0.0
Jordan Moore,WR,CIN,10,9,342,0,342,0.0
Deshaun Watson,QB,CLE,1,0,0,0,0,0.0
Shedeur Sanders,QB,CLE,2,1,0,0,0,0.0
Taylen Green,QB,CLE,3,2,0,0,0,0.0
Dillon Gabriel,QB,CLE,4,3,0,0,0,0.0
Quinshon Judkins,RB,CLE,1,0,0,230,322,71.4
Dylan Sampson,RB,CLE,2,1,230,65,322,20.2
Raheim Sanders,RB,CLE,3,2,295,27,322,8.4
Ahmani Marshall,RB,CLE,4,3,322,0,322,0.0
Davon Booth,RB,CLE,5,4,322,0,322,0.0
T.J. Harden,RB,CLE,6,5,322,0,322,0.0
Harold Fannin Jr.,TE,CLE,1,0,0,107,129,82.9
Blake Whiteheart,TE,CLE,2,1,107,6,129,4.7
Carsen Ryan,TE,CLE,3,2,113,0,129,0.0
Joe Royer,TE,CLE,4,3,113,0,129,0.0
Jermaine Terry II,TE,CLE,5,4,113,0,129,0.0
Jack Stoll,TE,CLE,7,5,113,11,129,8.5
Brenden Bates,TE,CLE,8,6,124,5,129,3.9
Jerry Jeudy,WR,CLE,1,0,0,106,187,56.7
KC Concepcion,WR,CLE,2,1,106,0,187,0.0
Denzel Boston,WR,CLE,3,2,106,0,187,0.0
Isaiah Bond,WR,CLE,4,3,106,44,187,23.5
Tylan Wallace,WR,CLE,5,4,150,8,187,4.3
Malachi Corley,WR,CLE,6,5,158,14,187,7.5
Jamari Thrash,WR,CLE,7,6,172,15,187,8.0
Kole Wilson,WR,CLE,8,7,187,0,187,0.0
Luke Floriea,WR,CLE,9,8,187,0,187,0.0
Dak Prescott,QB,DAL,1,0,0,0,0,0.0
Sam Howell,QB,DAL,2,1,0,0,0,0.0
Javonte Williams,RB,DAL,1,0,0,252,353,71.4
Malik Davis,RB,DAL,2,1,252,52,353,14.7
Emari Demercado,RB,DAL,3,2,304,44,353,12.5
Phil Mafah,RB,DAL,4,3,348,5,353,1.4
Israel Abanikanda,RB,DAL,5,4,353,0,353,0.0
Jashaun Corbin,RB,DAL,6,5,353,0,353,0.0
Jake Ferguson,TE,DAL,1,0,0,102,138,73.9
Brevyn Spann-Ford,TE,DAL,2,1,102,13,138,9.4
Luke Schoonmaker,TE,DAL,3,2,115,23,138,16.7
Princeton Fant,TE,DAL,4,3,138,0,138,0.0
DJ Rogers,TE,DAL,5,4,138,0,138,0.0
Mitch Van Vooren,TE,DAL,7,5,138,0,138,0.0
CeeDee Lamb,WR,DAL,1,0,0,117,371,31.5
George Pickens,WR,DAL,2,1,117,137,371,36.9
Ryan Flournoy,WR,DAL,3,2,254,56,371,15.1
KaVontae Turpin,WR,DAL,4,3,310,38,371,10.2
Jonathan Mingo,WR,DAL,5,4,348,5,371,1.3
Camden Brown,WR,DAL,6,5,353,0,371,0.0
Tyler Johnson,WR,DAL,7,6,353,18,371,4.9
Jordan Hudson,WR,DAL,9,7,371,0,371,0.0
Jaden Smith,WR,DAL,10,8,371,0,371,0.0
Bo Nix,QB,DEN,1,0,0,1,1,100.0
Jarrett Stidham,QB,DEN,2,1,1,0,1,0.0
Sam Ehlinger,QB,DEN,3,2,1,0,1,0.0
J.K. Dobbins,RB,DEN,1,0,0,153,307,49.8
RJ Harvey,RB,DEN,2,1,153,146,307,47.6
Jonah Coleman,RB,DEN,3,2,299,0,307,0.0
Tyler Badie,RB,DEN,4,3,299,8,307,2.6
Cody Schrader,RB,DEN,5,4,307,0,307,0.0
Deuce Vaughn,RB,DEN,7,5,307,0,307,0.0
Evan Engram,TE,DEN,1,0,0,76,110,69.1
Adam Trautman,TE,DEN,2,1,76,23,110,20.9
Nate Adkins,TE,DEN,3,2,99,11,110,10.0
Dallen Bentley,TE,DEN,4,3,110,0,110,0.0
Caleb Lohner,TE,DEN,5,4,110,0,110,0.0
Courtland Sutton,WR,DEN,1,0,0,124,457,27.1
Jaylen Waddle,WR,DEN,2,1,124,100,457,21.9
Troy Franklin,WR,DEN,3,2,224,104,457,22.8
Marvin Mims Jr.,WR,DEN,4,3,328,51,457,11.2
Pat Bryant,WR,DEN,5,4,379,49,457,10.7
Lil'Jordan Humphrey,WR,DEN,6,5,428,25,457,5.5
Michael Bandy,WR,DEN,7,6,453,4,457,0.9
Dane Key,WR,DEN,8,7,457,0,457,0.0
Kolbe Katsis,WR,DEN,9,8,457,0,457,0.0
Cameron Ross,WR,DEN,10,9,457,0,457,0.0
Joseph Manjack IV,WR,DEN,11,10,457,0,457,0.0
Kyre Duplessis,WR,DEN,13,11,457,0,457,0.0
Jared Goff,QB,DET,1,0,0,0,0,0.0
Joshua Dobbs,QB,DET,2,1,0,0,0,0.0
Luke Altmyer,QB,DET,3,2,0,0,0,0.0
Jahmyr Gibbs,RB,DET,1,0,0,243,374,65.0
Sione Vaki,RB,DET,2,1,243,1,374,0.3
Jacob Saylors,RB,DET,3,2,244,2,374,0.5
Isiah Pacheco,RB,DET,4,3,246,118,374,31.6
Trayveon Williams,RB,DET,6,4,364,10,374,2.7
Raheem Blackshear,RB,DET,8,5,374,0,374,0.0
Sam LaPorta,TE,DET,1,0,0,49,81,60.5
Brock Wright,TE,DET,2,1,49,22,81,27.2
Tyler Conklin,TE,DET,3,2,71,10,81,12.3
Jackson Meeks,TE,DET,4,3,81,0,81,0.0
Zach Horton,TE,DET,5,4,81,0,81,0.0
Thomas Gordon,TE,DET,6,5,81,0,81,0.0
Miles Kitselman,TE,DET,7,6,81,0,81,0.0
Amon-Ra St. Brown,WR,DET,1,0,0,172,307,56.0
Jameson Williams,WR,DET,2,1,172,102,307,33.2
Isaac TeSlaa,WR,DET,3,2,274,27,307,8.8
Tay Martin,WR,DET,4,3,301,2,307,0.7
Kendrick Law,WR,DET,5,4,303,0,307,0.0
Tom Kennedy,WR,DET,6,5,303,4,307,1.3
Malik Cunningham,WR,DET,7,6,307,0,307,0.0
Lucky Jackson,WR,DET,8,7,307,0,307,0.0
Tarik Black,WR,DET,9,8,307,0,307,0.0
Jordan Love,QB,GB,1,0,0,0,0,0.0
Tyrod Taylor,QB,GB,2,1,0,0,0,0.0
Kyle McCord,QB,GB,3,2,0,0,0,0.0
Kyron Drones,QB,GB,4,3,0,0,0,0.0
MarShawn Lloyd,RB,GB,1,0,0,0,289,0.0
Chris Brooks,RB,GB,2,1,0,27,289,9.3
Kaleb Johnson,RB,GB,3,2,27,28,289,9.7
Josh Jacobs,RB,GB,4,3,55,234,289,81.0
Damien Martinez,RB,GB,5,4,289,0,289,0.0
Jaden Nixon,RB,GB,6,5,289,0,289,0.0
Tucker Kraft,TE,GB,1,0,0,44,135,32.6
Jonnu Smith,TE,GB,2,1,44,54,135,40.0
Josh Whyle,TE,GB,3,2,98,6,135,4.4
Mark Redman,TE,GB,4,3,104,0,135,0.0
Luke Musgrave,TE,GB,5,4,104,31,135,23.0
Thomas Yassmin,TE,GB,6,5,135,0,135,0.0
McCallan Castles,TE,GB,7,6,135,0,135,0.0
RJ Maryland,TE,GB,9,7,135,0,135,0.0
Christian Watson,WR,GB,1,0,0,55,151,36.4
Jayden Reed,WR,GB,2,1,55,22,151,14.6
Matthew Golden,WR,GB,3,2,77,44,151,29.1
Bo Melton,WR,GB,4,3,121,13,151,8.6
Skyy Moore,WR,GB,5,4,134,7,151,4.6
J. Michael Sturdivant,WR,GB,6,5,141,0,151,0.0
Savion Williams,WR,GB,7,6,141,10,151,6.6
Will Sheppard,WR,GB,8,7,151,0,151,0.0
Kaden Prather,WR,GB,10,8,151,0,151,0.0
Kisean Johnson,WR,GB,11,9,151,0,151,0.0
Chris Hilton Jr.,WR,GB,12,10,151,0,151,0.0
C.J. Stroud,QB,HOU,1,0,0,0,0,0.0
Davis Mills,QB,HOU,2,1,0,0,0,0.0
Graham Mertz,QB,HOU,3,2,0,0,0,0.0
David Montgomery,RB,HOU,1,0,0,158,374,42.2
Woody Marks,RB,HOU,2,1,158,196,374,52.4
British Brooks,RB,HOU,3,2,354,17,374,4.5
Noah Whittington,RB,HOU,5,3,371,0,374,0.0
Owen Wright,RB,HOU,6,4,371,3,374,0.8
Deuce Vaughn,RB,HOU,7,5,374,0,374,0.0
Josh Pitsenberger,RB,HOU,8,6,374,0,374,0.0
Dalton Schultz,TE,HOU,1,0,0,106,132,80.3
Foster Moreau,TE,HOU,2,1,106,10,132,7.6
Cade Stover,TE,HOU,3,2,116,16,132,12.1
Marlin Klein,TE,HOU,4,3,132,0,132,0.0
Brevin Jordan,TE,HOU,5,4,132,0,132,0.0
Layne Pryor,TE,HOU,6,5,132,0,132,0.0
Louis Hansen,TE,HOU,7,6,132,0,132,0.0
Nico Collins,WR,HOU,1,0,0,120,328,36.6
Xavier Hutchinson,WR,HOU,2,1,120,57,328,17.4
Jaylin Noel,WR,HOU,3,2,177,35,328,10.7
Kayshon Boutte,WR,HOU,4,3,212,46,328,14.0
Jared Wayne,WR,HOU,5,4,258,2,328,0.6
Tank Dell,WR,HOU,6,5,260,0,328,0.0
Jayden Higgins,WR,HOU,7,6,260,68,328,20.7
Daniel Sobkowicz,WR,HOU,8,7,328,0,328,0.0
Treyvhon Saunders,WR,HOU,12,8,328,0,328,0.0
Daniel Jones,QB,IND,1,0,0,0,0,0.0
Riley Leonard,QB,IND,2,1,0,0,0,0.0
Anthony Richardson Sr.,QB,IND,3,2,0,0,0,0.0
Easton Stick,QB,IND,4,3,0,0,0,0.0
Jonathan Taylor,RB,IND,1,0,0,323,350,92.3
Seth McGowan,RB,IND,2,1,323,0,350,0.0
DJ Giddens,RB,IND,3,2,323,26,350,7.4
Ulysses Bentley IV,RB,IND,4,3,349,1,350,0.3
Anderson Castle,RB,IND,5,4,350,0,350,0.0
Tyler Warren,TE,IND,1,0,0,112,133,84.2
Mo Alie-Cox,TE,IND,2,1,112,20,133,15.0
Drew Ogletree,TE,IND,3,2,132,0,133,0.0
Will Mallory,TE,IND,4,3,132,1,133,0.8
Carson Towt,TE,IND,5,4,133,0,133,0.0
JJ Galbreath,TE,IND,7,5,133,0,133,0.0
Alec Pierce,WR,IND,1,0,0,84,305,27.5
Josh Downs,WR,IND,2,1,84,88,305,28.9
Keenan Allen,WR,IND,3,2,172,122,305,40.0
Ashton Dulin,WR,IND,4,3,294,10,305,3.3
Laquon Treadwell,WR,IND,5,4,304,0,305,0.0
Deion Burks,WR,IND,6,5,304,0,305,0.0
Coleman Owen,WR,IND,7,6,304,1,305,0.3
D.J. Montgomery,WR,IND,8,7,305,0,305,0.0
Eli Pancol,WR,IND,11,8,305,0,305,0.0
Sahmir Hagans,WR,IND,12,9,305,0,305,0.0
Raylen Sharpe,WR,IND,13,10,305,0,305,0.0
Trevor Lawrence,QB,JAX,1,0,0,0,1,0.0
Quinn Ewers,QB,JAX,2,1,0,1,1,100.0
Carter Bradley,QB,JAX,3,2,1,0,1,0.0
Joey Aguilar,QB,JAX,5,3,1,0,1,0.0
Bhayshul Tuten,RB,JAX,1,0,0,83,235,35.3
Chris Rodriguez Jr.,RB,JAX,2,1,83,112,235,47.7
LeQuint Allen Jr.,RB,JAX,3,2,195,23,235,9.8
Ameer Abdullah,RB,JAX,4,3,218,14,235,6.0
DeeJay Dallas,RB,JAX,5,4,232,3,235,1.3
J'Mari Taylor,RB,JAX,6,5,235,0,235,0.0
Brenton Strange,TE,JAX,1,0,0,60,69,87.0
Nate Boerkircher,TE,JAX,2,1,60,0,69,0.0
Tanner Koziol,TE,JAX,3,2,60,0,69,0.0
Quintin Morris,TE,JAX,4,3,60,9,69,13.0
Patrick Herbert,TE,JAX,5,4,69,0,69,0.0
Ethan Conner,TE,JAX,7,5,69,0,69,0.0
Brian Thomas Jr.,WR,JAX,1,0,0,91,352,25.9
Parker Washington,WR,JAX,2,1,91,95,352,27.0
Jakobi Meyers,WR,JAX,3,2,186,110,352,31.2
Travis Hunter,WR,JAX,4,3,296,45,352,12.8
Josh Cameron,WR,JAX,5,4,341,0,352,0.0
CJ Williams,WR,JAX,6,5,341,0,352,0.0
Tim Jones,WR,JAX,7,6,341,1,352,0.3
Austin Trammell,WR,JAX,8,7,342,10,352,2.8
Chandler Brayboy,WR,JAX,9,8,352,0,352,0.0
Michael Wortham,WR,JAX,10,9,352,0,352,0.0
Trebor Pena,WR,JAX,11,10,352,0,352,0.0
Patrick Mahomes,QB,KC,1,0,0,1,2,50.0
Justin Fields,QB,KC,2,1,1,1,2,50.0
Garrett Nussmeier,QB,KC,3,2,2,0,2,0.0
Chris Oladokun,QB,KC,4,3,2,0,2,0.0
Jake Haener,QB,KC,5,4,2,0,2,0.0
Kenneth Walker III,RB,KC,1,0,0,221,265,83.4
Emmett Johnson,RB,KC,2,1,221,0,265,0.0
Brashard Smith,RB,KC,3,2,221,44,265,16.6
EJ Smith,RB,KC,4,3,265,0,265,0.0
Jaydn Ott,RB,KC,5,4,265,0,265,0.0
Travis Kelce,TE,KC,1,0,0,108,146,74.0
Noah Gray,TE,KC,2,1,108,37,146,25.3
Jared Wiley,TE,KC,3,2,145,1,146,0.7
Jake Briningstool,TE,KC,4,3,146,0,146,0.0
John Michael Gyllenborg,TE,KC,5,4,146,0,146,0.0
Mason Pline,TE,KC,6,5,146,0,146,0.0
Rashee Rice,WR,KC,1,0,0,78,192,40.6
Xavier Worthy,WR,KC,2,1,78,73,192,38.0
Tyquan Thornton,WR,KC,3,2,151,37,192,19.3
Jalen Royals,WR,KC,4,3,188,3,192,1.6
Cyrus Allen,WR,KC,5,4,191,0,192,0.0
Nikko Remigio,WR,KC,6,5,191,1,192,0.5
Jeff Caldwell,WR,KC,7,6,192,0,192,0.0
Jimmy Holiday,WR,KC,8,7,192,0,192,0.0
Omari Evans,WR,KC,9,8,192,0,192,0.0
Matthew Stafford,QB,LA,1,0,0,0,0,0.0
Stetson Bennett IV,QB,LA,2,1,0,0,0,0.0
Ty Simpson,QB,LA,3,2,0,0,0,0.0
Matthew Caldwell,QB,LA,4,3,0,0,0,0.0
Kyren Williams,RB,LA,1,0,0,259,413,62.7
Blake Corum,RB,LA,2,1,259,145,413,35.1
Ronnie Rivers,RB,LA,3,2,404,9,413,2.2
Jordan Waters,RB,LA,4,3,413,0,413,0.0
Colby Parkinson,TE,LA,1,0,0,56,150,37.3
Tyler Higbee,TE,LA,2,1,56,36,150,24.0
Terrance Ferguson,TE,LA,3,2,92,25,150,16.7
Max Klare,TE,LA,4,3,117,0,150,0.0
Davis Allen,TE,LA,5,4,117,33,150,22.0
Mark Redman,TE,LA,6,5,150,0,150,0.0
Dan Villari,TE,LA,7,6,150,0,150,0.0
Rohan Jones,TE,LA,8,7,150,0,150,0.0
Puka Nacua,WR,LA,1,0,0,166,370,44.9
Davante Adams,WR,LA,2,1,166,114,370,30.8
Jordan Whittington,WR,LA,3,2,280,25,370,6.8
Konata Mumpfield,WR,LA,4,3,305,23,370,6.2
Tutu Atwell,WR,LA,5,4,328,15,370,4.1
Xavier Smith,WR,LA,6,5,343,24,370,6.5
CJ Daniels,WR,LA,7,6,367,0,370,0.0
Brennan Presley,WR,LA,8,7,367,0,370,0.0
Alex Bachman,WR,LA,9,8,367,3,370,0.8
Justin Herbert,QB,LAC,1,0,0,0,0,0.0
Trey Lance,QB,LAC,2,1,0,0,0,0.0
DJ Uiagalelei,QB,LAC,3,2,0,0,0,0.0
Omarion Hampton,RB,LAC,1,0,0,124,381,32.5
Keaton Mitchell,RB,LAC,2,1,124,59,381,15.5
Kimani Vidal,RB,LAC,3,2,183,155,381,40.7
Jaret Patterson,RB,LAC,4,3,338,41,381,10.8
Amar Johnson,RB,LAC,5,4,379,2,381,0.5
Greg Desrosiers Jr.,RB,LAC,6,5,381,0,381,0.0
Charlie Kolar,TE,LAC,1,0,0,15,63,23.8
David Njoku,TE,LAC,2,1,15,48,63,76.2
Oronde Gadsden,TE,LAC,3,2,63,0,63,0.0
Johnny Pascuzzi,TE,LAC,4,3,63,0,63,0.0
Evan Svoboda,TE,LAC,5,4,63,0,63,0.0
Ladd McConkey,WR,LAC,1,0,0,106,205,51.7
Quentin Johnston,WR,LAC,2,1,106,84,205,41.0
Tre' Harris,WR,LAC,3,2,190,0,205,0.0
Brenen Thompson,WR,LAC,4,3,190,0,205,0.0
KeAndre Lambert-Smith,WR,LAC,5,4,190,12,205,5.9
Derius Davis,WR,LAC,6,5,202,3,205,1.5
Dalevon Campbell,WR,LAC,7,6,205,0,205,0.0
Sincere Brown,WR,LAC,8,7,205,0,205,0.0
Gary Jennings,WR,LAC,10,8,205,0,205,0.0
Devonte Ross,WR,LAC,11,9,205,0,205,0.0
Luke Grimm,WR,LAC,13,10,205,0,205,0.0
Kirk Cousins,QB,LV,1,0,0,0,0,0.0
Fernando Mendoza,QB,LV,2,1,0,0,0,0.0
Aidan O'Connell,QB,LV,3,2,0,0,0,0.0
Jacob Clark,QB,LV,4,3,0,0,0,0.0
Ashton Jeanty,RB,LV,1,0,0,266,273,97.4
Mike Washington Jr.,RB,LV,2,1,266,0,273,0.0
Dylan Laube,RB,LV,3,2,266,7,273,2.6
Chris Collier,RB,LV,4,3,273,0,273,0.0
Brock Bowers,TE,LV,1,0,0,86,150,57.3
Michael Mayer,TE,LV,2,1,86,50,150,33.3
Ian Thomas,TE,LV,3,2,136,13,150,8.7
Carter Runyon,TE,LV,4,3,149,1,150,0.7
Chris Myarick,TE,LV,6,4,150,0,150,0.0
Patrick Gurd,TE,LV,7,5,150,0,150,0.0
Tre Tucker,WR,LV,1,0,0,92,207,44.4
Jalen Nailor,WR,LV,2,1,92,53,207,25.6
Jack Bech,WR,LV,3,2,145,29,207,14.0
Malik Benson,WR,LV,4,3,174,0,207,0.0
Dareke Young,WR,LV,5,4,174,3,207,1.4
Dont'e Thornton Jr.,WR,LV,6,5,177,30,207,14.5
Justin Shorter,WR,LV,7,6,207,0,207,0.0
Corey Rucker,WR,LV,8,7,207,0,207,0.0
Chase Roberts,WR,LV,9,8,207,0,207,0.0
Brandon Johnson,WR,LV,10,9,207,0,207,0.0
E.J. Williams Jr.,WR,LV,11,10,207,0,207,0.0
Malik Willis,QB,MIA,1,0,0,0,0,0.0
Kyle McCord,QB,MIA,2,1,0,0,0,0.0
Brady Cook,QB,MIA,3,2,0,0,0,0.0
Mark Gronowski,QB,MIA,4,3,0,0,0,0.0
De'Von Achane,RB,MIA,1,0,0,238,378,63.0
Jaylen Wright,RB,MIA,2,1,238,70,378,18.5
Ollie Gordon II,RB,MIA,3,2,308,70,378,18.5
Jarquez Hunter,RB,MIA,4,3,378,0,378,0.0
Carlos Washington Jr.,RB,MIA,5,4,378,0,378,0.0
Coleman Bennett,RB,MIA,7,5,378,0,378,0.0
Greg Dulcich,TE,MIA,1,0,0,33,39,84.6
Will Kacmarek,TE,MIA,2,1,33,0,39,0.0
Seydou Traore,TE,MIA,3,2,33,0,39,0.0
Justin Joly,TE,MIA,4,3,33,0,39,0.0
Cole Turner,TE,MIA,5,4,33,0,39,0.0
Ben Sims,TE,MIA,6,5,33,6,39,15.4
Zack Kuntz,TE,MIA,7,6,39,0,39,0.0
Malik Washington,WR,MIA,1,0,0,65,103,63.1
Jalen Tolbert,WR,MIA,2,1,65,34,103,33.0
Caleb Douglas,WR,MIA,3,2,99,0,103,0.0
Chris Bell,WR,MIA,4,3,99,0,103,0.0
Kevin Coleman Jr.,WR,MIA,5,4,99,0,103,0.0
Ryan Miller,WR,MIA,6,5,99,4,103,3.9
AJ Henning,WR,MIA,8,6,103,0,103,0.0
Donaven McCulley,WR,MIA,10,7,103,0,103,0.0
Kyler Murray,QB,MIN,1,0,0,0,0,0.0
J.J. McCarthy,QB,MIN,2,1,0,0,0,0.0
Carson Wentz,QB,MIN,3,2,0,0,0,0.0
Max Brosmer,QB,MIN,4,3,0,0,0,0.0
Aaron Jones Sr.,RB,MIN,1,0,0,0,159,0.0
Jordan Mason,RB,MIN,2,1,0,159,159,100.0
Demond Claiborne,RB,MIN,3,2,159,0,159,0.0
Jermar Jefferson,RB,MIN,4,3,159,0,159,0.0
Kejon Owens,RB,MIN,6,4,159,0,159,0.0
T.J. Hockenson,TE,MIN,1,0,0,66,88,75.0
Josh Oliver,TE,MIN,2,1,66,19,88,21.6
Ben Yurosek,TE,MIN,3,2,85,3,88,3.4
Gavin Bartholomew,TE,MIN,4,3,88,0,88,0.0
Matt Lauter,TE,MIN,5,4,88,0,88,0.0
Marshall Lang,TE,MIN,6,5,88,0,88,0.0
Justin Jefferson,WR,MIN,1,0,0,141,313,45.0
Jordan Addison,WR,MIN,2,1,141,79,313,25.2
Jauan Jennings,WR,MIN,3,2,220,90,313,28.8
Tai Felton,WR,MIN,4,3,310,3,313,1.0
Myles Price,WR,MIN,5,4,313,0,313,0.0
Jeshaun Jones,WR,MIN,6,5,313,0,313,0.0
Dontae Fleming,WR,MIN,7,6,313,0,313,0.0
Michael Briscoe,WR,MIN,8,7,313,0,313,0.0
Terrill Davis,WR,MIN,9,8,313,0,313,0.0
Marcus Sanders Jr.,WR,MIN,10,9,313,0,313,0.0
Drake Maye,QB,NE,1,0,0,1,1,100.0
Tommy DeVito,QB,NE,2,1,1,0,1,0.0
Behren Morton,QB,NE,3,2,1,0,1,0.0
Rhamondre Stevenson,RB,NE,1,0,0,130,322,40.4
TreVeyon Henderson,RB,NE,2,1,130,180,322,55.9
Corey Kiner,RB,NE,3,2,310,12,322,3.7
Myles Montgomery,RB,NE,4,3,322,0,322,0.0
Hunter Henry,TE,NE,1,0,0,87,107,81.3
Eli Raridon,TE,NE,2,1,87,0,107,0.0
Cameron Latu,TE,NE,3,2,87,0,107,0.0
Tanner Arkin,TE,NE,4,3,87,0,107,0.0
Julian Hill,TE,NE,5,4,87,20,107,18.7
A.J. Brown,WR,NE,1,0,0,121,341,35.5
Romeo Doubs,WR,NE,2,1,121,85,341,24.9
DeMario Douglas,WR,NE,3,2,206,46,341,13.5
Mack Hollins,WR,NE,4,3,252,65,341,19.1
Kyle Williams,WR,NE,5,4,317,21,341,6.2
Efton Chism III,WR,NE,6,5,338,3,341,0.9
Jeremiah Webb,WR,NE,7,6,341,0,341,0.0
Jimmy Kibble,WR,NE,8,7,341,0,341,0.0
Tejhaun Palmer,WR,NE,10,8,341,0,341,0.0
Tyler Shough,QB,NO,1,0,0,0,2,0.0
Spencer Rattler,QB,NO,2,1,0,2,2,100.0
Zach Wilson,QB,NO,3,2,2,0,2,0.0
Hunter Dekkers,QB,NO,4,3,2,0,2,0.0
Travis Etienne Jr.,RB,NO,1,0,0,0,252,0.0
Alvin Kamara,RB,NO,2,1,0,131,252,52.0
Kendre Miller,RB,NO,3,2,131,47,252,18.7
Audric Estime,RB,NO,4,3,178,0,252,0.0
Devin Neal,RB,NO,5,4,178,57,252,22.6
Ty Chandler,RB,NO,6,5,235,17,252,6.7
Juwan Johnson,TE,NO,1,0,0,102,145,70.3
Noah Fant,TE,NO,2,1,102,41,145,28.3
Oscar Delp,TE,NO,3,2,143,0,145,0.0
Moliki Matavao,TE,NO,4,3,143,2,145,1.4
Chris Olave,WR,NO,1,0,0,156,212,73.6
Devaughn Vele,WR,NO,2,1,156,39,212,18.4
Bryce Lance,WR,NO,3,2,195,0,212,0.0
Barion Brown,WR,NO,4,3,195,0,212,0.0
Jordyn Tyson,WR,NO,5,4,195,0,212,0.0
Mason Tipton,WR,NO,6,5,195,17,212,8.0
Jalen Moreno-Cropper,WR,NO,9,6,212,0,212,0.0
Brock Rechsteiner,WR,NO,10,7,212,0,212,0.0
Damien Alford,WR,NO,14,8,212,0,212,0.0
Jaxson Dart,QB,NYG,1,0,0,0,1,0.0
Jameis Winston,QB,NYG,2,1,0,1,1,100.0
Jake Haener,QB,NYG,3,2,1,0,1,0.0
Cam Skattebo,RB,NYG,1,0,0,101,411,24.6
Tyrone Tracy Jr.,RB,NYG,2,1,101,176,411,42.8
Najee Harris,RB,NYG,3,2,277,15,411,3.6
Devin Singletary,RB,NYG,4,3,292,119,411,29.0
Eric Gray,RB,NYG,5,4,411,0,411,0.0
Damon Bankston,RB,NYG,6,5,411,0,411,0.0
Dante Miller,RB,NYG,7,6,411,0,411,0.0
Isaiah Likely,TE,NYG,1,0,0,36,125,28.8
Theo Johnson,TE,NYG,2,1,36,74,125,59.2
Thomas Fidone II,TE,NYG,4,2,110,0,125,0.0
Tanner Conner,TE,NYG,5,3,110,15,125,12.0
Malik Nabers,WR,NYG,1,0,0,35,246,14.2
Darius Slayton,WR,NYG,2,1,35,63,246,25.6
Darnell Mooney,WR,NYG,3,2,98,72,246,29.3
Malachi Fields,WR,NYG,4,3,170,0,246,0.0
Odell Beckham Jr.,WR,NYG,5,4,170,0,246,0.0
Calvin Austin III,WR,NYG,6,5,170,55,246,22.4
Gunner Olszewski,WR,NYG,7,6,225,13,246,5.3
Xavier Gipson,WR,NYG,9,7,238,2,246,0.8
Beaux Collins,WR,NYG,15,8,240,6,246,2.4
Geno Smith,QB,NYJ,1,0,0,0,0,0.0
Cade Klubnik,QB,NYJ,2,1,0,0,0,0.0
Brady Cook,QB,NYJ,3,2,0,0,0,0.0
Bailey Zappe,QB,NYJ,4,3,0,0,0,0.0
Breece Hall,RB,NYJ,1,0,0,243,317,76.7
Braelon Allen,RB,NYJ,2,1,243,18,317,5.7
Isaiah Davis,RB,NYJ,3,2,261,43,317,13.6
Kene Nwangwu,RB,NYJ,4,3,304,13,317,4.1
Chip Trayanum,RB,NYJ,5,4,317,0,317,0.0
Dominic Richardson,RB,NYJ,6,5,317,0,317,0.0
Sam Scott,RB,NYJ,7,6,317,0,317,0.0
Mason Taylor,TE,NYJ,1,0,0,65,97,67.0
Kenyon Sadiq,TE,NYJ,2,1,65,0,97,0.0
Jeremy Ruckert,TE,NYJ,3,2,65,29,97,29.9
Jelani Woods,TE,NYJ,4,3,94,3,97,3.1
Chase Curtis,TE,NYJ,5,4,97,0,97,0.0
Garrett Wilson,WR,NYJ,1,0,0,59,209,28.2
Adonai Mitchell,WR,NYJ,2,1,59,74,209,35.4
Omar Cooper Jr.,WR,NYJ,3,2,133,0,209,0.0
Isaiah Williams,WR,NYJ,4,3,133,36,209,17.2
Tim Patrick,WR,NYJ,5,4,169,24,209,11.5
Arian Smith,WR,NYJ,6,5,193,16,209,7.7
Jamaal Pritchett,WR,NYJ,7,6,209,0,209,0.0
Malik McClain,WR,NYJ,8,7,209,0,209,0.0
Cam Camper,WR,NYJ,9,8,209,0,209,0.0
Junior Bergen,WR,NYJ,10,9,209,0,209,0.0
Caullin Lacy,WR,NYJ,12,10,209,0,209,0.0
DT Sheffield,WR,NYJ,13,11,209,0,209,0.0
Gee Scott Jr.,WR,NYJ,14,12,209,0,209,0.0
Jalen Hurts,QB,PHI,1,0,0,0,0,0.0
Andy Dalton,QB,PHI,2,1,0,0,0,0.0
Tanner McKee,QB,PHI,3,2,0,0,0,0.0
Cole Payton,QB,PHI,4,3,0,0,0,0.0
Saquon Barkley,RB,PHI,1,0,0,280,357,78.4
Tank Bigsby,RB,PHI,2,1,280,63,357,17.6
Will Shipley,RB,PHI,3,2,343,14,357,3.9
Ja'Quinden Jackson,RB,PHI,4,3,357,0,357,0.0
Dallas Goedert,TE,PHI,1,0,0,82,123,66.7
Johnny Mundt,TE,PHI,2,1,82,19,123,15.4
Eli Stowers,TE,PHI,3,2,101,0,123,0.0
E.J. Jenkins,TE,PHI,4,3,101,0,123,0.0
Grant Calcaterra,TE,PHI,5,4,101,13,123,10.6
Stone Smartt,TE,PHI,6,5,114,9,123,7.3
Dae'Quan Wright,TE,PHI,8,6,123,0,123,0.0
DeVonta Smith,WR,PHI,1,0,0,113,192,58.9
Dontayvion Wicks,WR,PHI,2,1,113,46,192,24.0
Makai Lemon,WR,PHI,3,2,159,0,192,0.0
Hollywood Brown,WR,PHI,4,3,159,0,192,0.0
Elijah Moore,WR,PHI,5,4,159,17,192,8.9
Darius Cooper,WR,PHI,6,5,176,11,192,5.7
Johnny Wilson,WR,PHI,7,6,187,0,192,0.0
Quez Watkins,WR,PHI,8,7,187,0,192,0.0
Danny Gray,WR,PHI,9,8,187,0,192,0.0
Erik Ezukanma,WR,PHI,10,9,187,0,192,0.0
Tahj Washington,WR,PHI,11,10,187,5,192,2.6
Aaron Rodgers,QB,PIT,1,0,0,1,1,100.0
Mason Rudolph,QB,PIT,2,1,1,0,1,0.0
Will Howard,QB,PIT,3,2,1,0,1,0.0
Drew Allar,QB,PIT,4,3,1,0,1,0.0
Jaylen Warren,RB,PIT,1,0,0,211,447,47.2
Rico Dowdle,RB,PIT,2,1,211,236,447,52.8
Eli Heidenreich,RB,PIT,3,2,447,0,447,0.0
Lew Nichols,RB,PIT,4,3,447,0,447,0.0
Pat Freiermuth,TE,PIT,1,0,0,54,98,55.1
Darnell Washington,TE,PIT,2,1,54,43,98,43.9
Robert Tonyan,TE,PIT,3,2,97,1,98,1.0
Lake McRee,TE,PIT,4,3,98,0,98,0.0
Lance Mason,TE,PIT,5,4,98,0,98,0.0
DK Metcalf,WR,PIT,1,0,0,99,126,78.6
Michael Pittman Jr.,WR,PIT,2,1,99,0,126,0.0
Roman Wilson,WR,PIT,3,2,99,21,126,16.7
Germie Bernard,WR,PIT,4,3,120,0,126,0.0
Ben Skowronek,WR,PIT,5,4,120,6,126,4.8
Kaden Wetjen,WR,PIT,6,5,126,0,126,0.0
Cole Burgess,WR,PIT,7,6,126,0,126,0.0
Brandon Smith,WR,PIT,8,7,126,0,126,0.0
Cornell Powell,WR,PIT,11,8,126,0,126,0.0
Isaiah Winstead,WR,PIT,12,9,126,0,126,0.0
Sam Darnold,QB,SEA,1,0,0,0,0,0.0
Drew Lock,QB,SEA,2,1,0,0,0,0.0
Jalen Milroe,QB,SEA,3,2,0,0,0,0.0
Jadarian Price,RB,SEA,1,0,0,0,336,0.0
George Holani,RB,SEA,2,1,0,22,336,6.5
Emanuel Wilson,RB,SEA,3,2,22,125,336,37.2
Zach Charbonnet,RB,SEA,4,3,147,184,336,54.8
Jacardia Wright,RB,SEA,5,4,331,5,336,1.5
AJ Barner,TE,SEA,1,0,0,68,102,66.7
Eric Saubert,TE,SEA,2,1,68,7,102,6.9
Elijah Arroyo,TE,SEA,3,2,75,26,102,25.5
Nick Kallerup,TE,SEA,4,3,101,1,102,1.0
Nick Vannett,TE,SEA,5,4,102,0,102,0.0
Lance Mason,TE,SEA,6,5,102,0,102,0.0
Jaxon Smith-Njigba,WR,SEA,1,0,0,163,349,46.7
Rashid Shaheed,WR,SEA,2,1,163,92,349,26.4
Cooper Kupp,WR,SEA,3,2,255,70,349,20.1
Tory Horton,WR,SEA,4,3,325,22,349,6.3
Montorie Foster Jr.,WR,SEA,5,4,347,0,349,0.0
Irv Charles,WR,SEA,6,5,347,0,349,0.0
Jake Bobo,WR,SEA,7,6,347,2,349,0.6
Emmanuel Henderson Jr.,WR,SEA,10,7,349,0,349,0.0
Julian Hicks,WR,SEA,11,8,349,0,349,0.0
Brock Purdy,QB,SF,1,0,0,0,0,0.0
Mac Jones,QB,SF,2,1,0,0,0,0.0
Kurtis Rourke,QB,SF,3,2,0,0,0,0.0
Adrian Martinez,QB,SF,4,3,0,0,0,0.0
Christian McCaffrey,RB,SF,1,0,0,311,327,95.1
Kaelon Black,RB,SF,2,1,311,0,327,0.0
Jordan James,RB,SF,3,2,311,0,327,0.0
Isaac Guerendo,RB,SF,4,3,311,0,327,0.0
Khalil Herbert,RB,SF,5,4,311,16,327,4.9
Patrick Taylor Jr.,RB,SF,7,5,327,0,327,0.0
George Kittle,TE,SF,1,0,0,69,130,53.1
Jake Tonges,TE,SF,2,1,69,46,130,35.4
Luke Farrell,TE,SF,3,2,115,14,130,10.8
Brayden Willis,TE,SF,4,3,129,1,130,0.8
Hayden Rucci,TE,SF,5,4,130,0,130,0.0
Khalil Dinkins,TE,SF,6,5,130,0,130,0.0
Tanner McLachlan,TE,SF,8,6,130,0,130,0.0
Mike Evans,WR,SF,1,0,0,62,215,28.8
Deebo Samuel,WR,SF,2,1,62,0,215,0.0
De'Zhaun Stribling,WR,SF,3,2,62,0,215,0.0
Demarcus Robinson,WR,SF,4,3,62,35,215,16.3
Jordan Watkins,WR,SF,5,4,97,3,215,1.4
Jacob Cowing,WR,SF,6,5,100,0,215,0.0
Christian Kirk,WR,SF,7,6,100,52,215,24.2
Brandon Aiyuk,WR,SF,8,7,152,0,215,0.0
Ricky Pearsall,WR,SF,9,8,152,53,215,24.7
Will Pauling,WR,SF,10,9,205,0,215,0.0
KhaDarel Hodge,WR,SF,11,10,205,10,215,4.7
Baker Mayfield,QB,TB,1,0,0,0,0,0.0
Jalon Daniels,QB,TB,2,1,0,0,0,0.0
Bucky Irving,RB,TB,1,0,0,173,377,45.9
Kenny Gainwell,RB,TB,2,1,173,114,377,30.2
Sean Tucker,RB,TB,3,2,287,86,377,22.8
Josh Williams,RB,TB,4,3,373,4,377,1.1
Kadarius Calloway,RB,TB,5,4,377,0,377,0.0
Cade Otton,TE,TB,1,0,0,81,85,95.3
Payne Durham,TE,TB,2,1,81,4,85,4.7
Ko Kieft,TE,TB,3,2,85,0,85,0.0
Bauer Sharp,TE,TB,4,3,85,0,85,0.0
Kenny Fletcher Jr.,TE,TB,6,4,85,0,85,0.0
Emeka Egbuka,WR,TB,1,0,0,127,244,52.0
Chris Godwin Jr.,WR,TB,2,1,127,51,244,20.9
Jalen McMillan,WR,TB,3,2,178,15,244,6.1
Ted Hurst III,WR,TB,4,3,193,0,244,0.0
Tez Johnson,WR,TB,5,4,193,44,244,18.0
Kameron Johnson,WR,TB,6,5,237,7,244,2.9
David Sills V,WR,TB,7,6,244,0,244,0.0
Dean Patterson,WR,TB,9,7,244,0,244,0.0
Eric Rivers Jr.,WR,TB,10,8,244,0,244,0.0
Dennis Houston,WR,TB,12,9,244,0,244,0.0
Cam Ward,QB,TEN,1,0,0,0,0,0.0
Mitchell Trubisky,QB,TEN,2,1,0,0,0,0.0
Will Levis,QB,TEN,3,2,0,0,0,0.0
Hendon Hooker,QB,TEN,4,3,0,0,0,0.0
Tony Pollard,RB,TEN,1,0,0,242,342,70.8
Tyjae Spears,RB,TEN,2,1,242,72,342,21.1
Nicholas Singleton,RB,TEN,3,2,314,0,342,0.0
Julius Chestnut,RB,TEN,4,3,314,11,342,3.2
Kalel Mullings,RB,TEN,5,4,325,3,342,0.9
D'Ernest Johnson,RB,TEN,7,5,328,14,342,4.1
Gunnar Helm,TE,TEN,1,0,0,55,96,57.3
Daniel Bellinger,TE,TEN,2,1,55,26,96,27.1
Kylen Granson,TE,TEN,3,2,81,9,96,9.4
David Martin-Robinson,TE,TEN,4,3,90,6,96,6.2
Jaren Kanak,TE,TEN,5,4,96,0,96,0.0
Carnell Tate,WR,TEN,1,0,0,0,350,0.0
Wan'Dale Robinson,WR,TEN,2,1,0,140,350,40.0
Calvin Ridley,WR,TEN,3,2,140,36,350,10.3
Chimere Dike,WR,TEN,4,3,176,74,350,21.1
Elic Ayomanor,WR,TEN,5,4,250,89,350,25.4
Xavier Restrepo,WR,TEN,6,5,339,7,350,2.0
Mason Kinsey,WR,TEN,7,6,346,4,350,1.1
K.J. Osborn,WR,TEN,8,7,350,0,350,0.0
Lance McCutcheon,WR,TEN,10,8,350,0,350,0.0
Courtney Jackson,WR,TEN,11,9,350,0,350,0.0
Tyren Montgomery,WR,TEN,12,10,350,0,350,0.0
Hank Beatty,WR,TEN,13,11,350,0,350,0.0
Jayden Daniels,QB,WAS,1,0,0,0,0,0.0
Marcus Mariota,QB,WAS,2,1,0,0,0,0.0
Athan Kaliakmanis,QB,WAS,3,2,0,0,0,0.0
Jacory Croskey-Merritt,RB,WAS,1,0,0,175,378,46.3
Rachaad White,RB,WAS,2,1,175,132,378,34.9
Kaytron Allen,RB,WAS,3,2,307,0,378,0.0
Jeremy McNichols,RB,WAS,4,3,307,44,378,11.6
Robert Henry Jr.,RB,WAS,5,4,351,0,378,0.0
Craig Reynolds,RB,WAS,6,5,351,3,378,0.8
Jerome Ford,RB,WAS,7,6,354,24,378,6.3
Chig Okonkwo,TE,WAS,1,0,0,79,111,71.2
John Bates,TE,WAS,2,1,79,16,111,14.4
Ben Sinnott,TE,WAS,3,2,95,13,111,11.7
Colson Yankoff,TE,WAS,4,3,108,3,111,2.7
Quentin Moore,TE,WAS,5,4,111,0,111,0.0
Tre' McKitty,TE,WAS,6,5,111,0,111,0.0
Terry McLaurin,WR,WAS,1,0,0,60,269,22.3
Stefon Diggs,WR,WAS,2,1,60,102,269,37.9
Antonio Williams,WR,WAS,3,2,162,0,269,0.0
Luke McCaffrey,WR,WAS,4,3,162,15,269,5.6
Treylon Burks,WR,WAS,5,4,177,22,269,8.2
Dyami Brown,WR,WAS,6,5,199,37,269,13.8
Jaylin Lane,WR,WAS,7,6,236,32,269,11.9
Jacoby Jones,WR,WAS,8,7,268,1,269,0.4
Jaden Bradley,WR,WAS,10,8,269,0,269,0.0
River Cracraft,WR,WAS,12,9,269,0,269,0.0
Chris Hilton Jr.,WR,WAS,13,10,269,0,269,0.0
