Player,POS,Team,Pass Yds,Pass TDs,INT,Rush Yds,Rush TDs,REC,Rec Yds,Rec TDs,FL
Josh Allen,QB,BUF,3608.6,25.4,8.0,539.8,12.5,0.0,0.0,0.0,1.5
Jalen Hurts,QB,PHI,3436.8,25.2,5.6,558.8,11.5,0.0,0.0,0.0,1.5
Joe Burrow,QB,CIN,4062.6,36.8,8.7,139.9,1.4,0.0,0.0,0.0,1.5
Brock Purdy,QB,SF,3986.6,29.8,15.2,294.5,4.3,0.0,0.0,0.0,1.5
Bo Nix,QB,DEN,3842.5,25.9,10.3,379.6,4.1,0.8,3.4,0.2,1.5
Drake Maye,QB,NE,3728.5,26.0,8.6,410.1,3.5,0.6,2.3,0.0,1.5
Jahmyr Gibbs,RB,DET,0.0,0.0,0.0,1166.2,12.2,64.5,528.8,3.8,1.5
Trevor Lawrence,QB,JAX,3556.1,24.6,10.9,304.3,7.4,0.0,0.0,0.0,1.5
Puka Nacua,WR,LA,0.0,0.0,0.0,64.6,0.8,125.5,1637.1,8.5,1.5
Bijan Robinson,RB,ATL,0.0,0.0,0.0,1277.7,8.0,65.0,593.8,2.4,1.5
Tyler Shough,QB,NO,4046.2,17.0,9.3,329.8,6.0,0.0,0.0,0.0,1.5
Jeremiyah Love,RB,ARI,0.0,0.0,0.0,1225.2,11.8,56.7,416.0,2.7,1.5
Matthew Stafford,QB,LA,3804.8,32.9,6.5,44.4,0.3,0.0,0.0,0.0,1.5
Jared Goff,QB,DET,4003.3,30.5,7.8,71.1,0.4,0.2,0.9,0.1,1.5
Ja'Marr Chase,WR,CIN,0.0,0.0,0.0,15.2,0.0,125.1,1499.5,10.2,1.5
Jonathan Taylor,RB,IND,0.0,0.0,0.0,1386.4,14.2,34.1,268.5,1.1,1.5
Lamar Jackson,QB,BAL,2916.1,26.0,6.7,467.9,2.7,0.0,0.0,0.0,1.5
Sam Darnold,QB,SEA,4077.4,27.6,12.2,162.4,0.6,0.0,0.0,0.0,1.5
Dak Prescott,QB,DAL,3893.0,25.0,8.9,158.8,2.1,0.0,0.0,0.0,1.5
Jaxson Dart,QB,NYG,2699.0,17.8,5.5,477.2,8.4,0.0,0.0,0.0,1.5
Jayden Daniels,QB,WAS,2772.4,18.5,7.2,630.5,5.3,0.0,0.0,0.0,1.5
Caleb Williams,QB,CHI,3390.4,22.1,6.1,344.2,2.1,1.1,4.9,0.4,1.5
Baker Mayfield,QB,TB,3467.2,26.9,10.7,285.6,1.2,0.0,0.0,0.0,1.5
De'Von Achane,RB,MIA,0.0,0.0,0.0,1132.9,6.7,66.9,492.9,3.7,1.5
Patrick Mahomes,QB,KC,3488.1,21.9,10.9,324.2,3.3,0.8,2.9,0.0,1.5
James Cook,RB,BUF,0.0,0.0,0.0,1349.3,12.2,30.7,249.4,1.3,1.5
Justin Herbert,QB,LAC,3290.9,21.9,9.5,364.9,2.5,0.0,0.0,0.0,1.5
Jaxon Smith-Njigba,WR,SEA,9.6,0.0,0.0,30.0,0.0,105.3,1461.4,8.0,1.5
Amon-Ra St. Brown,WR,DET,1.9,0.3,0.0,12.4,0.1,109.6,1286.9,10.6,1.5
C.J. Stroud,QB,HOU,3684.9,21.9,9.6,242.5,1.3,0.3,1.2,0.1,1.5
Daniel Jones,QB,IND,3336.5,18.8,9.9,254.2,5.7,0.0,0.0,0.0,1.5
Rashee Rice,WR,KC,0.0,0.0,0.0,44.9,1.7,104.5,1184.6,9.7,1.5
Kyren Williams,RB,LA,0.0,0.0,0.0,1214.2,10.7,34.6,247.5,2.2,1.5
Jordan Love,QB,GB,3282.9,22.9,7.8,168.1,0.8,0.0,0.0,0.0,1.5
Drake London,WR,ATL,0.0,0.0,0.0,1.8,0.0,94.4,1234.7,9.1,1.5
Trey McBride,TE,ARI,0.0,0.0,0.0,0.8,0.2,115.0,1140.7,8.4,1.5
Kyler Murray,QB,MIN,2880.2,16.5,9.4,400.4,3.1,0.0,0.0,0.0,1.5
CeeDee Lamb,WR,DAL,0.0,0.0,0.0,28.6,0.1,98.3,1305.4,6.0,1.5
Bryce Young,QB,CAR,2895.4,21.1,10.5,227.0,2.8,0.0,0.0,0.0,1.5
Chase Brown,RB,CIN,0.0,0.0,0.0,925.4,5.9,59.0,389.6,3.6,1.5
Jacoby Brissett,QB,ARI,3138.8,20.1,7.1,151.4,1.6,0.0,0.0,0.0,1.5
George Pickens,WR,DAL,0.0,0.0,0.0,2.9,0.0,83.8,1247.3,8.0,1.5
Christian McCaffrey,RB,SF,0.0,0.0,0.0,725.2,6.1,59.7,519.1,3.9,1.5
Cam Skattebo,RB,NYG,0.0,0.0,0.0,818.2,9.4,47.8,374.5,1.8,1.5
Omarion Hampton,RB,LAC,0.0,0.0,0.0,946.3,7.7,51.6,343.6,1.4,1.5
Malik Nabers,WR,NYG,0.0,0.0,0.0,14.6,0.2,93.6,1140.2,7.5,1.5
Justin Fields,QB,KC,1924.8,10.2,1.7,542.4,6.4,1.0,3.8,0.0,1.5
Javonte Williams,RB,DAL,0.0,0.0,0.0,970.2,9.0,40.6,230.1,2.0,1.5
Nico Collins,WR,HOU,0.0,0.0,0.0,7.9,0.2,79.4,1184.0,7.4,1.5
Chris Olave,WR,NO,0.0,0.0,0.8,5.8,0.0,95.3,1127.2,7.5,1.5
Spencer Rattler,QB,NO,3211.0,14.5,9.7,287.2,0.5,2.5,9.9,0.5,1.5
Tua Tagovailoa,QB,ATL,3233.7,23.4,14.9,85.6,0.2,0.0,0.0,0.0,1.5
Michael Penix Jr.,QB,ATL,3231.9,14.4,6.0,134.3,2.1,0.0,0.0,0.0,1.5
Tee Higgins,WR,CIN,0.0,0.0,0.0,0.0,0.0,71.4,959.2,10.5,1.5
Mac Jones,QB,SF,3018.3,17.3,9.6,172.1,1.1,0.0,0.0,0.0,1.5
Bucky Irving,RB,TB,0.0,0.0,0.0,978.1,4.3,43.8,367.2,2.0,1.5
Josh Jacobs,RB,GB,0.0,0.0,0.0,867.6,10.8,29.0,232.1,0.8,1.5
Cam Ward,QB,TEN,3042.5,14.4,6.4,153.3,1.7,0.0,0.0,0.0,1.5
Justin Jefferson,WR,MIN,6.0,0.0,0.0,7.9,0.0,85.8,1130.4,5.6,1.5
A.J. Brown,WR,NE,0.0,0.0,0.0,0.0,0.0,79.6,1074.5,7.0,1.5
Jameis Winston,QB,NYG,3066.4,15.8,13.8,141.4,2.3,1.7,9.4,0.1,1.5
Aaron Rodgers,QB,PIT,2807.4,20.3,6.8,38.8,0.5,0.3,1.0,0.0,1.5
D'Andre Swift,RB,CHI,0.0,0.0,0.0,945.5,7.4,33.6,282.3,0.4,1.5
Garrett Wilson,WR,NYJ,0.0,0.0,0.0,4.6,0.0,87.7,981.3,6.6,1.5
Zay Flowers,WR,BAL,0.0,0.0,0.0,48.2,0.3,78.1,1083.5,4.3,1.5
Breece Hall,RB,NYJ,2.4,0.6,0.0,914.0,3.8,38.8,335.9,1.5,1.5
TreVeyon Henderson,RB,NE,0.0,0.0,0.0,853.9,7.5,33.4,226.7,1.3,1.5
Will Levis,QB,TEN,2752.3,17.1,15.0,254.4,0.6,0.0,0.0,0.0,1.5
Joe Flacco,QB,CIN,2883.9,18.0,11.0,45.3,1.1,0.0,0.0,0.0,1.5
Jameson Williams,WR,DET,0.0,0.0,0.0,35.5,0.4,62.6,1020.8,6.0,1.5
Kenneth Walker III,RB,KC,0.0,0.0,0.0,903.2,6.0,34.8,272.4,0.7,1.5
Saquon Barkley,RB,PHI,0.0,0.0,0.0,957.8,6.2,25.0,188.9,1.3,1.5
Ashton Jeanty,RB,LV,0.0,0.0,0.0,800.1,4.2,43.9,292.6,2.3,1.5
Quentin Johnston,WR,LAC,0.0,0.0,0.0,13.4,0.0,63.3,860.9,8.2,1.5
Jadarian Price,RB,SEA,0.0,0.0,0.0,896.2,6.0,34.2,199.0,0.9,1.5
Marcus Mariota,QB,WAS,2094.6,13.2,8.4,312.7,2.7,0.0,0.0,0.0,1.5
Brock Bowers,TE,LV,0.0,0.0,0.0,8.2,0.1,82.2,861.1,6.4,1.5
Wan'Dale Robinson,WR,TEN,0.0,0.0,0.0,14.5,0.0,92.2,946.4,3.8,1.5
J.K. Dobbins,RB,DEN,0.0,0.0,0.0,1003.6,6.7,21.4,121.2,0.2,1.5
Ladd McConkey,WR,LAC,0.0,0.0,0.0,0.0,0.0,71.9,907.0,6.2,1.5
Quinshon Judkins,RB,CLE,0.0,0.0,0.0,888.6,6.9,27.6,192.7,0.1,1.5
Fernando Mendoza,QB,LV,2561.4,12.3,10.0,191.9,2.1,0.0,0.0,0.0,1.5
Brian Thomas Jr.,WR,JAX,0.0,0.0,0.0,21.6,0.2,65.4,933.9,5.4,1.5
DeVonta Smith,WR,PHI,0.0,0.0,0.0,1.5,0.0,73.4,937.1,5.0,1.5
Geno Smith,QB,NYJ,2729.5,15.7,14.2,118.5,0.8,0.0,0.0,0.0,1.5
DK Metcalf,WR,PIT,0.0,0.0,0.0,7.2,0.2,63.4,899.6,5.9,1.5
Emeka Egbuka,WR,TB,0.0,0.0,0.0,9.3,0.0,63.5,895.6,6.1,1.5
RJ Harvey,RB,DEN,0.0,0.0,0.0,532.1,5.6,43.1,320.8,3.0,1.5
Tetairoa McMillan,WR,CAR,0.0,0.0,0.0,0.0,0.0,65.1,902.6,5.9,1.5
J.J. McCarthy,QB,MIN,2284.2,15.4,18.6,224.4,3.3,0.0,0.0,0.0,1.5
Malik Willis,QB,MIA,1488.8,9.7,0.0,342.9,4.2,0.0,0.0,0.0,1.5
Rico Dowdle,RB,PIT,0.0,0.0,0.0,874.1,3.9,31.9,231.2,1.2,1.5
Davis Mills,QB,HOU,2259.4,11.2,2.1,140.6,2.0,0.0,0.0,0.0,1.5
Rhamondre Stevenson,RB,NE,0.0,0.0,0.0,659.1,6.5,31.2,263.6,1.6,1.5
Alec Pierce,WR,IND,0.0,0.0,0.0,0.0,0.0,48.4,938.1,6.2,1.5
Zach Charbonnet,RB,SEA,0.0,0.0,0.0,638.6,9.7,24.1,180.1,0.5,1.5
Jauan Jennings,WR,MIN,0.0,0.0,0.0,0.0,0.0,63.3,765.8,7.7,1.5
Deshaun Watson,QB,CLE,2167.4,9.4,6.0,257.7,2.7,0.0,0.0,0.0,1.5
Michael Wilson,WR,ARI,0.0,0.0,0.0,1.5,0.0,67.4,848.0,5.8,1.5
Rome Odunze,WR,CHI,0.0,0.0,0.0,5.3,0.0,58.4,820.8,6.8,1.5
Marvin Harrison Jr.,WR,ARI,0.0,0.0,0.0,0.0,0.0,57.8,815.9,6.7,1.5
Carnell Tate,WR,TEN,0.0,0.0,0.0,0.0,0.0,64.5,868.6,5.0,1.5
Jaylen Warren,RB,PIT,0.0,0.0,0.0,716.4,4.4,33.4,266.3,1.0,1.5
Christian Watson,WR,GB,0.0,0.0,0.0,13.5,0.3,48.4,810.3,6.5,1.5
Kirk Cousins,QB,LV,2576.4,14.1,10.0,42.6,0.5,0.0,0.0,0.0,1.5
Anthony Richardson,QB,IND,1639.2,7.2,11.5,393.4,5.5,2.4,10.4,0.0,1.5
Jakobi Meyers,WR,JAX,0.0,0.0,0.0,18.6,0.3,72.6,834.8,3.7,1.5
Travis Etienne,RB,NO,0.0,0.0,0.0,709.8,4.3,28.4,213.3,2.2,1.5
Tyrone Tracy Jr.,RB,NYG,0.0,0.0,0.0,741.9,2.8,35.8,274.2,1.5,1.5
Jordan Addison,WR,MIN,0.0,0.0,0.0,15.9,0.1,56.5,781.5,6.1,1.5
Jaylen Waddle,WR,DEN,5.5,0.0,0.0,13.6,0.1,62.5,847.0,4.5,1.5
Courtland Sutton,WR,DEN,7.8,0.3,0.0,0.0,0.0,59.1,792.4,5.7,1.5
DJ Moore,WR,BUF,1.3,0.6,0.0,67.1,0.4,58.4,699.9,5.4,1.5
Parker Washington,WR,JAX,0.0,0.0,0.0,24.9,0.3,57.4,788.7,5.0,1.5
Bam Knight,RB,ARI,0.0,0.0,0.0,467.6,6.9,35.0,254.8,1.8,1.5
Kyle Monangai,RB,CHI,0.0,0.0,0.0,771.0,5.5,21.3,169.2,0.7,1.5
Jordyn Tyson,WR,NO,0.0,0.0,0.0,0.0,0.0,61.5,828.4,4.7,1.5
Carson Wentz,QB,MIN,2538.5,12.0,11.1,98.8,0.6,0.0,0.0,0.0,1.5
Michael Pittman,WR,PIT,0.0,0.0,0.0,0.0,0.0,69.9,742.3,5.1,1.5
Aidan O'Connell,QB,LV,2318.7,10.0,5.3,113.9,1.0,0.0,0.0,0.0,1.5
Dillon Gabriel,QB,CLE,1895.5,14.2,4.3,129.0,0.4,0.0,0.0,0.0,1.5
Romeo Doubs,WR,NE,0.0,0.0,0.0,0.0,0.0,56.3,730.0,6.3,1.5
Chuba Hubbard,RB,CAR,0.0,0.0,0.0,678.1,3.8,32.0,208.3,1.9,1.5
Terry McLaurin,WR,WAS,0.0,0.0,0.0,3.1,0.0,53.8,751.6,5.9,1.5
Tank Dell,WR,HOU,0.0,0.0,0.0,49.6,0.3,56.9,729.1,4.6,1.5
Khalil Shakir,WR,BUF,0.0,0.0,0.0,6.6,0.0,73.2,773.5,3.5,1.5
Sam LaPorta,TE,DET,0.0,0.0,0.0,0.0,0.0,63.2,731.5,5.1,1.5
Tyler Warren,TE,IND,0.0,0.0,0.0,13.4,0.9,64.5,671.7,4.8,1.5
Shedeur Sanders,QB,CLE,2478.0,12.4,18.8,183.8,0.9,0.0,0.0,0.0,1.5
Tucker Kraft,TE,GB,0.0,0.0,0.0,6.2,0.0,52.5,704.3,6.0,1.5
Kyle Pitts,TE,ATL,0.0,0.0,0.0,0.0,0.0,69.3,742.9,4.0,1.5
Jake Ferguson,TE,DAL,0.0,0.0,0.0,1.9,0.0,73.0,579.0,6.1,1.5
Albert Okwuegbunam,TE,LV,0.0,0.0,0.0,0.0,0.0,66.8,619.0,5.7,1.5
Ricky Pearsall,WR,SF,0.0,0.0,0.0,20.0,0.1,59.3,809.6,2.6,1.5
Jacory Croskey-Merritt,RB,WAS,0.0,0.0,0.0,735.8,7.0,9.2,67.4,0.1,1.5
Kimani Vidal,RB,LAC,0.0,0.0,0.0,710.4,4.0,18.9,151.4,1.3,1.5
Woody Marks,RB,HOU,0.0,0.0,0.0,671.2,3.2,23.5,185.1,1.8,1.5
Riley Leonard,QB,IND,1936.0,9.3,15.0,115.5,5.2,0.0,0.0,0.0,1.5
Josh Downs,WR,IND,0.0,0.0,0.0,8.7,0.0,65.4,695.2,4.0,1.5
Phil Mafah,RB,DAL,0.0,0.0,0.0,335.6,10.0,25.1,180.2,0.4,1.5
Quinn Ewers,QB,MIA,2162.2,10.4,11.2,110.1,0.0,2.9,11.0,1.1,1.5
Chris Godwin Jr.,WR,TB,0.0,0.0,0.0,2.4,0.0,60.2,690.1,4.4,1.5
Jayden Reed,WR,GB,0.0,0.0,0.0,83.5,0.3,51.3,676.0,3.7,1.5
Davante Adams,WR,LA,0.0,0.0,0.0,0.0,0.0,43.7,559.8,7.9,1.5
Tyler Huntley,QB,BAL,1443.8,6.1,2.7,324.1,2.6,0.0,0.0,0.0,1.5
Jerry Jeudy,WR,CLE,0.0,0.0,0.0,3.3,0.0,61.0,772.1,2.8,1.5
David Montgomery,RB,HOU,2.7,0.9,0.0,530.2,6.8,19.1,154.5,0.2,1.5
Ty Simpson,QB,LA,1799.1,8.8,7.1,176.1,1.9,0.0,0.0,0.0,1.5
Jake Browning,QB,TB,1903.7,14.8,19.1,103.2,2.2,0.0,0.0,0.0,1.5
Tony Pollard,RB,TEN,0.0,0.0,0.0,722.9,3.2,23.8,154.0,0.2,1.5
George Kittle,TE,SF,0.0,0.0,0.0,1.6,0.1,51.6,603.7,5.4,1.5
Tre Tucker,WR,LV,0.0,0.0,0.0,49.0,0.3,52.3,631.7,3.8,1.5
Xavier Worthy,WR,KC,0.0,0.0,0.0,77.7,0.6,50.6,609.1,3.4,1.5
Dalton Kincaid,TE,BUF,0.0,0.0,0.0,0.0,0.0,52.3,637.0,4.5,1.5
Jake Tonges,TE,SF,0.0,0.0,0.0,0.0,0.0,58.9,535.2,5.4,1.5
Rachaad White,RB,WAS,0.0,0.0,0.0,474.1,3.3,33.8,221.2,1.5,1.5
Rashid Shaheed,WR,SEA,0.0,0.0,0.0,46.8,0.2,52.5,649.9,3.0,1.5
Troy Franklin,WR,DEN,0.0,0.0,0.0,18.7,0.0,52.2,574.4,4.9,1.5
Jordan Mason,RB,MIN,0.0,0.0,0.0,704.4,4.8,11.7,73.0,0.2,1.5
Keon Coleman,WR,BUF,0.0,0.0,0.0,1.9,0.0,44.7,564.2,5.4,1.5
Jalen McMillan,WR,TB,0.0,0.0,0.0,22.7,0.2,44.1,576.5,4.6,1.5
Makai Lemon,WR,PHI,0.0,0.0,0.0,8.9,0.0,48.8,621.6,3.8,1.5
Tyrod Taylor,QB,GB,1477.5,11.2,9.5,179.9,1.1,0.0,0.0,0.0,1.5
Cade Otton,TE,TB,0.0,0.0,0.0,0.9,0.0,63.8,623.9,2.5,1.5
Mike Evans,WR,SF,0.0,0.0,0.0,0.0,0.0,43.2,552.7,5.4,1.5
Dallas Goedert,TE,PHI,0.0,0.0,0.0,0.0,0.0,48.6,492.7,5.9,1.5
James Conner,RB,ARI,0.0,0.0,0.0,475.9,4.2,22.7,170.5,1.2,1.5
Mason Rudolph,QB,PIT,1765.4,10.7,11.0,127.2,0.7,0.0,0.0,0.0,1.5
Chris Rodriguez Jr.,RB,JAX,0.0,0.0,0.0,562.6,7.6,3.4,26.0,0.1,1.5
Juwan Johnson,TE,NO,0.0,0.0,0.0,0.0,0.0,58.1,643.0,2.2,1.5
Tommy DeVito,QB,NE,1912.1,0.0,0.0,255.8,0.7,0.0,0.0,0.0,1.5
Sincere McCormick,RB,SF,0.0,0.0,0.0,637.7,2.6,20.5,142.2,0.4,1.5
Harold Fannin Jr.,TE,CLE,0.0,0.0,0.0,14.1,0.6,54.9,547.7,3.1,1.5
Brenton Strange,TE,JAX,0.0,0.0,0.0,0.0,0.0,53.7,584.4,3.4,1.5
Marquise Brown,WR,PHI,0.0,0.0,0.0,0.0,0.0,47.6,570.5,4.1,1.5
Derrick Henry,RB,BAL,0.0,0.0,0.0,606.1,5.8,6.0,51.7,0.2,1.5
Tyjae Spears,RB,TEN,0.0,0.0,0.0,340.7,2.6,43.7,286.0,0.7,1.5
Kayshon Boutte,WR,NE,0.0,0.0,0.0,0.0,0.0,39.4,579.2,4.3,1.5
David Njoku,TE,LAC,0.0,0.0,0.0,0.0,0.0,54.6,477.5,4.7,1.5
Dalton Schultz,TE,HOU,0.0,0.0,0.0,0.0,0.0,60.0,575.6,2.6,1.5
Bailey Zappe,QB,NYJ,2356.2,13.9,30.0,117.4,0.2,0.0,0.0,0.0,1.5
Theo Johnson,TE,NYG,0.0,0.0,0.0,0.0,0.0,48.3,532.9,4.2,1.5
Tanner McKee,QB,PHI,1417.6,9.3,3.1,133.9,0.1,0.0,0.0,0.0,1.5
Jalen Coker,WR,CAR,8.0,0.0,0.0,0.0,0.0,46.0,582.4,3.3,1.5
Colby Parkinson,TE,LA,0.0,0.0,0.0,0.0,0.0,43.2,413.4,6.4,1.5
Darnell Mooney,WR,NYG,0.0,0.0,0.0,0.0,0.0,44.1,619.0,2.7,1.5
Hunter Henry,TE,NE,0.0,0.0,0.0,0.0,0.0,45.4,520.8,4.2,1.5
Chimere Dike,WR,TEN,0.0,0.0,0.0,48.4,0.9,45.5,459.2,3.5,1.5
Jawhar Jordan,RB,HOU,0.0,0.0,0.0,615.5,2.5,18.6,128.3,0.1,1.5
Michael Carter,RB,TEN,0.0,0.0,0.0,385.9,1.9,35.3,265.7,0.8,1.5
Tank Bigsby,RB,PHI,0.0,0.0,0.0,596.6,5.1,6.2,47.9,0.1,1.5
Omar Cooper Jr.,WR,NYJ,0.0,0.0,0.0,8.0,0.0,43.7,556.9,3.4,1.5
Elic Ayomanor,WR,TEN,0.0,0.0,0.0,0.0,0.0,44.2,550.9,3.5,1.5
Pat Freiermuth,TE,PIT,0.0,0.0,0.0,0.0,0.0,47.8,514.3,3.8,1.5
Raheim Sanders,RB,CLE,0.0,0.0,0.0,382.2,7.6,10.8,78.5,0.1,1.5
Ryan Flournoy,WR,DAL,0.0,0.0,0.0,20.3,0.1,42.8,509.4,3.7,1.5
Andy Dalton,QB,PHI,1688.5,9.5,7.6,56.2,0.1,0.0,0.0,0.0,1.5
Jahdae Walker,WR,CHI,0.0,0.0,0.0,0.0,0.0,31.9,404.8,6.7,1.5
T.J. Hockenson,TE,MIN,0.0,0.0,0.0,2.2,0.0,54.8,511.4,2.9,1.5
Tyler Allgeier,RB,ARI,0.0,0.0,0.0,489.1,5.5,10.8,76.6,0.1,1.5
Germie Bernard,WR,PIT,0.0,0.0,0.0,0.0,0.0,40.7,553.4,3.3,1.5
Luther Burden III,WR,CHI,0.0,0.0,0.0,30.9,0.1,44.1,586.4,1.8,1.5
Tyquan Thornton,WR,KC,0.0,0.0,0.0,0.0,0.0,29.4,496.9,5.1,1.5
Devaughn Vele,WR,NO,0.0,0.0,0.0,0.0,0.0,43.9,520.6,3.5,1.5
Kenyon Sadiq,TE,NYJ,0.0,0.0,0.0,0.0,0.0,39.7,535.8,3.6,1.5
Xavier Legette,WR,CAR,0.0,0.0,0.0,13.2,0.0,44.0,475.6,4.0,1.5
Colston Loveland,TE,CHI,0.0,0.0,0.0,2.0,0.2,43.6,493.6,3.7,1.5
Blake Corum,RB,LA,0.0,0.0,0.0,564.9,4.5,8.8,59.9,0.1,1.5
Patrick Taylor,RB,SF,0.0,0.0,0.0,450.2,3.8,19.6,144.3,0.4,1.5
Tory Horton,WR,SEA,0.0,0.0,0.0,0.0,0.0,29.8,367.4,7.0,1.5
KC Concepcion,WR,CLE,0.0,0.0,0.0,7.5,0.0,41.2,524.7,3.2,1.5
Jayden Higgins,WR,HOU,0.0,0.0,0.0,0.0,0.0,39.2,494.2,4.0,1.5
Mark Andrews,TE,BAL,0.0,0.0,0.0,18.9,0.7,38.7,380.7,4.9,1.5
Oronde Gadsden II,TE,LAC,0.0,0.0,0.0,0.0,0.0,43.1,516.8,3.2,1.5
Isiah Pacheco,RB,DET,0.0,0.0,0.0,519.2,1.8,21.0,136.3,0.9,1.5
Joe Milton III,QB,DAL,1057.9,5.2,6.8,153.9,4.5,0.0,0.0,0.0,1.5
Alvin Kamara,RB,NO,0.0,0.0,0.0,430.0,1.8,29.5,202.8,0.5,1.5
Drew Lock,QB,SEA,1283.4,6.9,5.4,156.0,1.3,0.0,0.0,0.0,1.5
Sean Tucker,RB,TB,0.0,0.0,0.0,376.8,6.2,10.2,72.7,0.7,1.5
DeMario Douglas,WR,NE,0.0,0.0,0.0,28.2,0.1,41.0,496.2,2.8,1.5
Isaac Guerendo,RB,SF,0.0,0.0,0.0,446.1,3.8,15.1,122.7,0.3,1.5
Calvin Ridley,WR,TEN,0.0,0.0,0.0,13.9,0.1,37.5,579.4,1.7,1.5
Shane Zylstra,TE,BUF,0.0,0.0,0.0,0.0,0.0,38.5,364.1,5.3,1.5
Darius Slayton,WR,NYG,0.0,0.0,0.0,3.0,0.1,38.6,539.9,2.2,1.5
Andrei Iosivas,WR,CIN,0.0,0.0,0.0,10.7,0.0,36.0,467.1,3.5,1.5
Rashod Bateman,WR,BAL,0.0,0.0,0.0,0.0,0.0,32.4,442.6,4.3,1.5
Chig Okonkwo,TE,WAS,0.0,0.0,0.0,0.8,0.0,52.0,506.5,1.6,1.5
AJ Barner,TE,SEA,0.0,0.0,0.0,15.9,0.4,39.3,377.8,4.1,1.5
Brian Robinson,RB,ATL,0.0,0.0,0.0,465.5,3.7,10.8,71.4,0.5,1.5
Olamide Zaccheaus,WR,ATL,0.0,0.0,0.0,16.8,0.1,44.0,435.1,2.7,1.5
De'Zhaun Stribling,WR,SF,0.0,0.0,0.0,0.0,0.0,35.7,485.2,2.9,1.5
Dontayvion Wicks,WR,PHI,0.0,0.0,0.0,4.0,0.0,38.2,432.3,3.5,1.5
Pat Bryant,WR,DEN,0.0,0.0,0.0,0.0,0.0,41.1,503.6,2.1,1.5
Greg Dulcich,TE,MIA,0.0,0.0,0.0,4.0,0.5,41.9,459.7,2.1,1.5
Isaiah Likely,TE,NYG,0.0,0.0,0.0,0.0,0.0,39.7,429.0,3.3,1.5
Jalen Nailor,WR,LV,0.0,0.0,0.0,10.8,0.1,28.5,405.5,4.3,1.5
Christian Kirk,WR,SF,0.0,0.0,0.0,0.0,0.0,42.0,457.4,2.6,1.5
Bhayshul Tuten,RB,JAX,0.0,0.0,0.0,348.7,4.8,11.2,83.3,0.7,1.5
Calvin Austin III,WR,NYG,0.0,0.0,0.0,0.0,0.0,36.1,463.7,2.9,1.5
Jalen Tolbert,WR,MIA,0.0,0.0,0.0,0.0,0.0,34.8,418.7,3.7,1.5
Marvin Mims Jr.,WR,DEN,0.0,0.0,0.0,65.2,0.4,37.7,400.5,2.2,1.5
Audric Estimé,RB,NO,0.0,0.0,0.0,429.7,2.8,16.3,124.3,0.1,1.5
Malik Washington,WR,MIA,0.0,0.0,0.0,74.1,0.5,40.7,349.9,2.5,1.5
Cedric Tillman,WR,CLE,0.0,0.0,0.0,2.2,0.0,36.0,445.1,3.0,1.5
Gardner Minshew,QB,ARI,1520.2,6.5,8.9,90.5,0.4,0.0,0.0,0.0,1.5
Aaron Jones,RB,MIN,0.0,0.0,0.0,396.6,1.7,19.4,144.2,1.0,1.5
Trey Benson,RB,ARI,0.0,0.0,0.0,416.4,1.4,23.6,156.0,0.4,1.5
Dylan Drummond,WR,ATL,0.0,0.0,0.0,0.0,0.0,35.8,395.1,3.6,1.5
Emanuel Wilson,RB,SEA,0.0,0.0,0.0,444.1,3.0,11.6,78.0,0.4,1.5
Xavier Restrepo,WR,TEN,0.0,0.0,0.0,0.0,0.0,32.3,401.2,3.6,1.5
Brady Cook,QB,NYJ,2048.5,5.5,21.0,149.2,0.1,0.0,0.0,0.0,1.5
Noah Fant,TE,NO,0.0,0.0,0.0,0.0,0.0,43.2,402.9,2.6,1.5
John Metchie III,WR,CAR,0.0,0.0,0.0,14.0,0.0,42.3,421.3,2.1,1.5
Bub Means,WR,NO,0.0,0.0,0.0,0.0,0.0,36.5,456.3,2.2,1.5
Devin Neal,RB,NO,0.0,0.0,0.0,353.5,1.9,23.9,165.0,0.2,1.5
Theo Wease Jr.,WR,MIA,0.0,0.0,0.0,0.0,0.0,32.5,462.7,2.3,1.5
Mike Gesicki,TE,CIN,0.0,0.0,0.0,0.0,0.0,38.8,400.6,2.8,1.5
Jalen Royals,WR,KC,0.0,0.0,0.0,0.0,0.0,29.0,336.5,4.6,1.5
Mitchell Trubisky,QB,TEN,718.1,9.0,0.0,99.0,0.2,0.0,0.0,0.0,1.5
Josh Palmer,WR,BUF,0.0,0.0,0.0,0.0,0.0,34.5,471.1,1.8,1.5
Ray Davis,RB,BUF,0.0,0.0,0.0,372.0,1.7,13.5,112.1,1.6,1.5
Devin Singletary,RB,NYG,0.0,0.0,0.0,350.2,3.6,13.3,98.4,0.3,1.5
Denzel Boston,WR,CLE,0.0,0.0,0.0,0.0,0.0,31.8,432.6,2.6,1.5
Gunner Olszewski,WR,NYG,99.0,3.0,0.0,0.0,0.0,24.1,310.5,2.6,1.5
Tez Johnson,WR,TB,0.0,0.0,0.0,36.0,0.3,29.6,352.3,3.2,1.5
Adonai Mitchell,WR,NYJ,6.8,0.0,0.0,8.8,0.1,32.6,432.2,2.2,1.5
Ronnie Bell,WR,NO,0.0,0.0,0.0,0.0,0.0,26.2,318.9,4.7,1.5
Dyami Brown,WR,WAS,0.0,0.0,0.0,34.0,0.3,30.9,352.4,2.8,1.5
Cooper Kupp,WR,SEA,0.0,0.0,0.6,2.0,0.0,35.1,419.4,2.3,1.5
Justice Hill,RB,BAL,0.0,0.0,0.0,142.9,1.3,31.9,258.2,1.3,1.5
Cole Kmet,TE,CHI,0.0,0.0,0.0,0.0,0.0,36.4,383.3,2.5,1.5
Roschon Johnson,RB,CHI,0.0,0.0,0.0,222.4,4.8,15.1,106.8,0.2,1.5
Ainias Smith,WR,CAR,0.0,0.0,0.0,51.6,0.2,30.7,337.6,2.4,1.5
Kevin Austin Jr.,WR,NO,0.0,0.0,0.0,4.0,0.0,35.4,422.9,1.5,1.5
Devin Culp,TE,TB,0.0,0.0,0.0,0.0,0.0,21.6,219.5,6.1,1.5
Jaylen Wright,RB,MIA,0.0,0.0,0.0,422.6,2.5,8.5,62.8,0.2,1.5
Greg Dortch,WR,DET,0.0,0.0,0.0,35.4,0.7,33.8,309.5,2.2,1.5
Isaiah Williams,WR,NYJ,0.0,0.0,0.0,26.8,0.1,43.2,421.6,0.3,1.5
Dawson Knox,TE,BUF,0.0,0.0,0.0,0.0,0.0,30.8,347.0,3.1,1.5
Lil'Jordan Humphrey,WR,DEN,0.0,0.0,0.0,0.0,0.0,31.7,359.5,2.8,1.5
Jaleel McLaughlin,RB,DEN,0.0,0.0,0.0,399.4,1.7,14.4,86.8,0.4,1.5
Jaydon Blue,RB,DAL,0.0,0.0,0.0,473.2,2.9,2.4,17.5,0.1,1.5
Mitchell Tinsley,WR,CIN,0.0,0.0,0.0,0.0,0.0,24.5,313.0,4.1,1.5
Isaac TeSlaa,WR,DET,0.0,0.0,0.0,0.0,0.0,18.9,250.5,5.6,1.5
Chris Oladokun,QB,KC,978.8,4.2,0.0,96.8,0.4,0.0,0.0,0.0,1.5
Elijah Moore,WR,PHI,0.0,0.0,0.0,31.1,0.5,36.2,383.3,0.9,1.5
Isaiah Hodgins,WR,NYG,0.0,0.0,0.0,0.0,0.0,26.5,315.9,3.8,1.5
Jerome Ford,RB,WAS,0.0,0.0,0.0,236.7,1.3,31.9,181.3,0.3,1.5
Jaret Patterson,RB,LAC,0.0,0.0,0.0,395.9,3.2,7.3,50.0,0.0,1.5
Dylan Sampson,RB,CLE,0.0,0.0,0.0,212.2,0.4,29.1,225.5,1.1,1.5
Matthew Golden,WR,GB,0.0,0.0,0.0,54.4,0.3,31.1,384.3,1.0,1.5
Brashard Smith,RB,KC,0.0,0.0,0.0,181.9,0.9,27.3,194.4,1.6,1.5
Xavier Hutchinson,WR,HOU,0.0,0.0,0.0,11.2,0.1,30.4,366.5,2.1,1.5
KaVontae Turpin,WR,DAL,0.0,0.0,0.0,77.3,0.1,24.8,343.7,1.8,1.5
Mason Taylor,TE,NYJ,0.0,0.0,0.0,0.0,0.0,41.4,368.4,1.3,1.5
Nick Westbrook-Ikhine,WR,IND,0.0,0.0,0.0,0.0,0.0,27.7,339.9,2.9,1.5
Simi Fehoko,WR,ARI,0.0,0.0,0.0,0.0,0.0,26.5,351.8,2.8,1.5
Michael Mayer,TE,LV,0.0,0.0,0.0,0.0,0.0,39.9,366.2,1.3,1.5
Josh Johnson,QB,CIN,1105.5,3.0,5.5,94.8,1.6,0.0,0.0,0.0,1.5
Jacob Cowing,WR,SF,0.0,0.0,0.0,26.2,0.0,19.8,262.6,4.2,1.5
Shane Buechele,QB,BUF,1425.6,0.0,0.0,69.8,0.0,0.0,0.0,0.0,1.5
Keaton Mitchell,RB,LAC,0.0,0.0,0.0,389.2,1.6,11.9,88.9,0.1,1.5
Ty Johnson,RB,BUF,0.0,0.0,0.0,161.0,2.1,18.2,182.2,1.3,1.5
Evan Engram,TE,DEN,0.0,0.0,0.0,1.6,0.0,40.4,364.3,1.1,1.5
Malik Davis,RB,DAL,0.0,0.0,0.0,363.3,3.2,5.8,42.2,0.1,1.5
Kendrick Bourne,WR,ARI,0.0,0.0,0.0,1.4,0.0,31.7,425.4,0.8,1.5
Gunnar Helm,TE,TEN,0.0,0.0,0.0,0.0,0.0,37.2,324.9,2.0,1.5
Terrance Ferguson,TE,LA,0.0,0.0,0.0,3.5,0.5,19.9,248.6,4.1,1.5
Tutu Atwell,WR,MIA,0.0,0.0,0.0,4.6,0.0,26.9,420.5,1.1,1.5
Travis Kelce,TE,KC,0.0,0.0,0.0,1.1,0.1,33.3,337.3,1.8,1.5
Jaylin Noel,WR,HOU,0.0,0.0,0.0,32.7,0.3,27.1,318.9,1.8,1.5
Kene Nwangwu,RB,NYJ,0.0,0.0,0.0,292.3,4.5,4.1,29.7,0.0,1.5
Darnell Washington,TE,PIT,0.0,0.0,0.0,0.0,0.0,31.3,337.8,1.9,1.5
Mack Hollins,WR,NE,0.0,0.0,0.0,2.3,0.0,27.6,333.8,2.2,1.5
Braelon Allen,RB,NYJ,0.0,0.0,0.0,282.4,1.8,13.3,99.9,0.7,1.5
British Brooks,RB,HOU,0.0,0.0,0.0,291.4,5.1,0.0,0.0,0.0,1.5
MarShawn Lloyd,RB,GB,0.0,0.0,0.0,378.3,0.6,11.9,85.5,0.4,1.5
Mike Woods,WR,DEN,0.0,0.0,0.0,0.0,0.0,30.3,354.1,1.2,1.5
Devontez Walker,WR,BAL,0.0,0.0,0.0,0.0,0.0,15.9,231.2,4.4,1.5
Tyler Johnson,WR,DAL,0.0,0.0,0.0,0.0,0.0,26.3,346.4,1.6,1.5
Nick Kallerup,TE,SEA,0.0,0.0,0.0,0.0,0.0,10.1,96.6,7.1,1.5
Kendre Miller,RB,NO,0.0,0.0,0.0,377.7,1.3,9.5,67.1,0.0,1.5
DJ Giddens,RB,IND,0.0,0.0,0.0,346.2,2.4,4.8,34.9,0.3,1.5
Treylon Burks,WR,WAS,0.0,0.0,0.0,6.5,0.0,22.0,270.4,3.0,1.5
Noah Gray,TE,KC,0.0,0.0,0.0,0.9,0.0,31.4,300.7,1.8,1.5
Luke McCaffrey,WR,WAS,0.0,0.0,0.0,0.0,0.0,22.3,302.0,2.5,1.5
Irvin Charles,WR,SEA,0.0,0.0,0.0,0.0,0.0,9.0,111.2,6.8,1.5
Isaiah Bond,WR,CLE,0.0,0.0,0.0,24.1,0.0,22.0,326.1,1.7,1.5
Emari Demercado,RB,KC,0.0,0.0,0.0,258.1,0.6,17.3,126.6,0.9,1.5
Tre Harris,WR,LAC,0.0,0.0,0.0,9.9,0.1,28.4,327.4,1.2,1.5
JuJu Smith-Schuster,WR,NYG,0.0,0.0,0.0,0.0,0.0,27.3,310.6,1.8,1.5
Van Jefferson,WR,WAS,0.0,0.0,0.0,0.0,0.0,27.2,327.6,1.5,1.5
Eli Stowers,TE,PHI,0.0,0.0,0.0,0.0,0.0,28.7,290.5,2.0,1.5
Tyler Higbee,TE,LA,0.0,0.0,0.0,0.0,0.0,25.5,261.1,2.7,1.5
Daniel Bellinger,TE,TEN,0.0,0.0,0.0,0.0,0.0,25.3,292.5,2.1,1.5
Konata Mumpfield,WR,LA,0.0,0.0,0.0,0.0,0.0,22.9,262.4,2.8,1.5
Brock Wright,TE,DET,0.0,0.0,0.0,0.0,0.0,27.3,237.0,2.8,1.5
Zavier Scott,RB,MIN,0.0,0.0,0.0,201.7,0.7,19.9,143.6,0.9,1.5
Jonathon Brooks,RB,CAR,0.0,0.0,0.0,180.8,2.1,11.6,85.5,1.5,1.5
Tyler Conklin,TE,DET,0.0,0.0,0.0,3.8,0.0,28.5,283.7,1.8,1.5
Kaelon Black,RB,SF,0.0,0.0,0.0,323.5,1.5,10.7,69.7,0.0,1.5
Isaiah Davis,RB,NYJ,0.0,0.0,0.0,205.4,0.8,19.3,154.2,0.4,1.5
K.J. Osborn,WR,TEN,0.0,0.0,0.0,0.0,0.0,24.8,284.4,2.0,1.5
Demarcus Robinson,WR,SF,0.0,0.0,0.0,2.8,0.0,20.3,271.5,2.5,1.5
Tommy Tremble,TE,CAR,0.0,0.0,0.0,0.0,0.0,29.5,281.2,1.6,1.5
Skylar Thompson,QB,BAL,1234.2,0.0,0.0,28.4,0.0,0.0,0.0,0.0,1.5
Jordan Mims,RB,SF,0.0,0.0,0.0,166.4,0.2,27.2,188.5,0.3,1.5
Trey Lance,QB,LAC,819.3,0.0,3.8,231.8,0.6,0.0,0.0,0.0,1.5
Jalen Brooks,WR,ARI,0.0,0.0,0.0,0.0,0.0,22.4,302.1,1.7,1.5
Ollie Gordon II,RB,MIA,0.0,0.0,0.0,234.3,3.2,6.5,43.9,0.2,1.5
Xavier Smith,WR,LA,0.0,0.0,0.0,11.8,0.0,22.9,321.4,1.1,1.5
Britain Covey,WR,PHI,0.0,0.0,0.0,0.0,0.0,29.1,320.7,0.8,1.5
Tyrell Shavers,WR,BUF,0.0,0.0,0.0,0.0,0.0,23.1,330.8,1.1,1.5
Jahan Dotson,WR,ATL,0.0,0.0,0.0,1.7,0.0,23.0,299.5,1.6,1.5
Ja'Tavion Sanders,TE,CAR,0.0,0.0,0.0,0.0,0.0,31.0,260.5,1.6,1.5
Roman Wilson,WR,PIT,0.0,0.0,0.0,0.0,0.0,23.1,294.6,1.7,1.5
Ty Chandler,RB,NO,0.0,0.0,0.0,278.4,1.2,9.6,65.0,0.8,1.5
Davis Allen,TE,LA,0.0,0.0,0.0,0.0,0.0,23.9,216.1,2.9,1.5
Stone Smartt,TE,PHI,0.0,0.0,0.0,0.0,0.0,32.9,323.3,0.3,1.5
David Moore,WR,CAR,0.0,0.0,0.0,10.3,0.3,21.8,248.2,2.0,1.5
Jordan Whittington,WR,LA,0.0,0.0,0.0,19.9,0.3,26.5,304.5,0.5,1.5
Brittain Brown,RB,CHI,0.0,0.0,0.0,281.2,1.6,9.7,70.5,0.1,1.5
Foster Moreau,TE,HOU,0.0,0.0,0.0,0.0,0.0,23.0,241.6,2.4,1.5
Samori Toure,WR,PHI,0.0,0.0,0.0,0.0,0.0,27.7,332.3,0.5,1.5
Carson Steele,RB,PHI,0.0,0.0,0.0,274.6,1.5,10.4,69.6,0.2,1.5
Marquez Valdes-Scantling,WR,DAL,0.0,0.0,0.0,1.7,0.0,20.4,262.5,2.2,1.5
Terrell Jennings,RB,NE,0.0,0.0,0.0,288.4,2.7,2.9,20.9,0.2,1.5
Nate Boerkircher,TE,JAX,0.0,0.0,0.0,0.0,0.0,25.7,259.6,1.8,1.5
Mecole Hardman,WR,BUF,0.0,0.0,0.0,43.5,0.5,17.4,191.7,2.4,1.5
Caleb Douglas,WR,MIA,0.0,0.0,0.0,3.6,0.0,22.3,301.9,1.3,1.5
Kenny Pickett,QB,CAR,710.5,4.2,5.4,84.5,1.1,0.0,0.0,0.0,1.5
Chris Bell,WR,MIA,0.0,0.0,0.0,3.6,0.0,22.3,301.9,1.3,1.5
Jaylin Lane,WR,WAS,0.0,0.0,0.0,6.1,0.0,22.5,291.7,1.4,1.5
Josh Oliver,TE,MIN,0.0,0.0,0.0,0.0,0.0,21.6,224.0,2.7,1.5
Antonio Williams,WR,WAS,0.0,0.0,0.0,3.6,0.0,22.2,300.4,1.3,1.5
Tahj Washington,WR,MIA,0.0,0.0,0.0,0.0,0.0,24.4,300.6,1.1,1.5
Tom Kennedy,WR,DET,0.0,0.0,0.0,0.0,0.0,26.8,315.3,0.6,1.5
Austin Hooper,TE,ATL,0.0,0.0,0.0,0.0,0.0,23.3,254.0,1.9,1.5
Mason Tipton,WR,NO,0.0,0.0,0.0,31.5,0.0,27.7,269.5,0.7,1.5
David Sills,WR,TB,0.0,0.0,0.0,0.0,0.0,21.9,254.3,1.9,1.5
Beaux Collins,WR,NYG,0.0,0.0,0.0,0.0,0.0,18.2,224.0,2.7,1.5
Emmett Johnson,RB,KC,0.0,0.0,0.0,238.2,1.2,12.3,99.1,0.0,1.5
Marlin Klein,TE,HOU,0.0,0.0,0.0,0.0,0.0,24.4,246.6,1.7,1.5
Hunter Long,TE,JAX,0.0,0.0,0.0,0.0,0.0,22.9,199.3,2.6,1.5
Ja'Lynn Polk,WR,NO,0.0,0.0,0.0,5.8,0.1,20.2,217.4,2.3,1.5
Scott Miller,WR,CHI,0.0,0.0,0.0,0.0,0.0,24.7,268.4,1.2,1.5
Dont'e Thornton Jr.,WR,LV,0.0,0.0,0.0,0.0,0.0,22.1,279.1,1.2,1.5
Erick All,TE,CIN,0.0,0.0,0.0,0.0,0.0,32.2,287.4,0.2,1.5
Elijah Higgins,TE,ARI,0.0,0.0,0.0,0.0,0.0,27.1,262.4,1.0,1.5
Trey Palmer,WR,NO,0.0,0.0,0.0,0.0,0.0,20.7,267.9,1.4,1.5
Jason Brownlee,WR,KC,0.0,0.0,0.0,0.0,0.0,9.3,114.6,4.9,1.5
George Holani,RB,SEA,0.0,0.0,0.0,268.2,1.9,5.5,39.4,0.1,1.5
Xavier Weaver,WR,ARI,0.0,0.0,0.0,0.0,0.0,18.9,220.3,2.3,1.5
Casey Washington,WR,ATL,0.0,0.0,0.0,0.0,0.0,22.8,296.0,0.7,1.5
Jack Bech,WR,LV,0.0,0.0,0.0,0.0,0.0,25.1,297.5,0.4,1.5
Ryan Miller,WR,NYG,0.0,0.0,0.0,0.0,0.0,16.2,199.7,2.7,1.5
Austin Trammell,WR,JAX,0.0,0.0,0.0,0.0,0.0,17.9,229.6,2.0,1.5
Efton Chism III,WR,NE,0.0,0.0,0.0,0.0,0.0,15.3,206.8,2.6,1.5
Tanner Hudson,TE,CIN,0.0,0.0,0.0,1.0,0.0,22.5,204.2,2.0,1.5
Brycen Tremayne,WR,CAR,0.0,0.0,0.0,0.0,0.0,23.0,272.1,0.8,1.5
Darius Cooper,WR,PHI,0.0,0.0,0.0,0.0,0.0,22.9,270.6,0.8,1.5
Malachi Fields,WR,NYG,0.0,0.0,0.0,3.1,0.0,19.6,264.3,1.1,1.5
Parris Campbell,WR,DAL,0.0,0.0,0.0,0.0,0.0,19.1,210.1,2.0,1.5
Samaje Perine,RB,CIN,0.0,0.0,0.0,172.8,1.4,12.0,90.6,0.3,1.5
Quintin Morris,TE,JAX,0.0,0.0,0.0,0.0,0.0,18.6,173.6,2.6,1.5
Drake Dabney,TE,GB,0.0,0.0,0.0,0.0,0.0,19.3,181.3,2.4,1.5
Shedrick Jackson,WR,LV,0.0,0.0,0.0,25.7,0.0,16.7,208.5,1.7,1.5
Dameon Pierce,RB,PHI,0.0,0.0,0.0,308.9,0.9,4.2,29.9,0.1,1.5
Justin Watson,WR,HOU,0.0,0.0,0.0,0.0,0.0,18.3,225.6,1.7,1.5
Ted Hurst,WR,TB,0.0,0.0,0.0,3.0,0.0,18.8,253.9,1.1,1.5
Zavion Thomas,WR,CHI,0.0,0.0,0.0,3.0,0.0,18.8,253.9,1.1,1.5
Brenen Thompson,WR,LAC,0.0,0.0,0.0,3.0,0.0,18.7,252.0,1.1,1.5
Zachariah Branch,WR,ATL,0.0,0.0,0.0,3.0,0.0,18.6,251.4,1.1,1.5
Kenny McIntosh,RB,SEA,0.0,0.0,0.0,296.2,0.6,6.5,47.0,0.0,1.5
Eric Gray,RB,NYG,0.0,0.0,0.0,79.6,2.3,12.7,95.0,0.6,1.5
Ja'Kobi Lane,WR,BAL,0.0,0.0,0.0,3.0,0.0,18.4,249.1,1.1,1.5
Adam Trautman,TE,DEN,0.0,0.0,0.0,0.0,0.0,22.0,225.2,1.2,1.5
Braxton Berrios,WR,NYG,0.0,0.0,0.0,0.0,0.0,22.7,244.9,0.8,1.5
Luke Musgrave,TE,GB,0.0,0.0,0.0,0.0,0.0,25.4,249.2,0.5,1.5
Grant Calcaterra,TE,PHI,0.0,0.0,0.0,0.0,0.0,21.3,214.1,1.4,1.5
Jackson Hawes,TE,BUF,0.0,0.0,0.0,0.0,0.0,17.1,175.8,2.3,1.5
Max Klare,TE,LA,0.0,0.0,0.0,0.0,0.0,20.8,210.7,1.4,1.5
Pierre Strong,RB,GB,0.0,0.0,0.0,134.7,0.1,19.8,144.7,0.2,1.5
Hunter Luepke,RB,DAL,0.0,0.0,0.0,85.8,0.3,16.9,132.6,1.2,1.5
Jeremy Ruckert,TE,NYJ,0.0,0.0,0.0,0.0,0.0,25.2,208.5,0.9,1.5
Mitchell Evans,TE,CAR,0.0,0.0,0.0,2.8,0.0,18.5,173.1,2.0,1.5
Cade Stover,TE,HOU,0.0,0.0,0.0,13.6,0.1,23.8,200.4,0.8,1.5
Kalif Raymond,WR,CHI,0.0,0.0,0.0,9.7,0.0,19.1,233.5,0.8,1.5
Tim Patrick,WR,NYJ,0.0,0.0,0.0,0.0,0.0,14.7,180.2,2.2,1.5
Tanner Conner,TE,NYG,0.0,0.0,0.0,0.0,0.0,22.3,213.3,1.0,1.5
Johnny Wilson,WR,PHI,0.0,0.0,0.0,0.0,0.0,14.5,167.5,2.4,1.5
Jalen Reagor,WR,MIA,0.0,0.0,0.0,31.3,0.6,16.1,205.0,0.5,1.5
Ronnie Rivers,RB,LA,0.0,0.0,0.0,270.8,0.4,6.7,48.6,0.1,1.5
Kyle Williams,WR,NE,0.0,0.0,0.0,12.0,0.0,14.9,217.1,1.3,1.5
Josh Whyle,TE,GB,0.0,0.0,0.0,0.0,0.0,20.7,186.9,1.5,1.5
Brandon Allen,QB,NYG,1181.4,3.2,13.0,37.4,0.0,0.0,0.0,0.0,1.5
Payne Durham,TE,TB,0.0,0.0,0.0,0.0,0.0,16.6,162.4,2.2,1.5
Luke Schoonmaker,TE,DAL,0.0,0.0,0.0,0.0,0.0,22.9,215.4,0.7,1.5
Elijah Arroyo,TE,SEA,0.0,0.0,0.0,0.0,0.0,17.5,180.5,1.7,1.5
Chris Brazzell II,WR,CAR,0.0,0.0,0.0,2.7,0.0,16.5,223.3,1.0,1.5
KeAndre Lambert-Smith,WR,LAC,0.0,0.0,0.0,0.0,0.0,15.7,187.5,1.7,1.5
Chris Brooks,RB,GB,0.0,0.0,0.0,146.7,0.5,14.3,100.8,0.3,1.5
Mason Kinsey,WR,TEN,0.0,0.0,0.0,0.0,0.0,16.1,212.2,1.2,1.5
Jalin Hyatt,WR,NYG,0.0,0.0,0.0,0.0,0.0,19.4,206.8,1.0,1.5
Devin Duvernay,WR,ARI,0.0,0.0,0.0,16.9,0.2,14.7,165.3,1.6,1.5
Jared Wayne,WR,HOU,0.0,0.0,0.0,0.0,0.0,20.1,244.3,0.3,1.5
Kylen Granson,TE,TEN,0.0,0.0,0.0,0.0,0.0,22.3,208.8,0.7,1.5
Malachi Corley,WR,CLE,0.0,0.0,0.0,90.1,0.8,12.4,129.3,0.5,1.5
Julian Hill,TE,NE,0.0,0.0,0.0,0.0,0.0,21.3,198.8,0.9,1.5
Tylan Wallace,WR,CLE,0.0,0.0,0.0,0.0,0.0,13.8,180.6,1.8,1.5
Ben Sims,TE,MIA,0.0,0.0,0.0,0.0,0.0,17.8,172.3,1.6,1.5
Tyler Badie,RB,DEN,0.0,0.0,0.0,49.0,0.4,20.6,147.1,0.5,1.5
Gage Larvadain,WR,CLE,0.0,0.0,0.0,10.9,0.0,18.4,217.9,0.5,1.5
Zaire Mitchell-Paden,TE,NO,0.0,0.0,0.0,0.0,0.0,10.9,103.5,3.2,1.5
Jimmy Horn Jr.,WR,CAR,0.0,0.0,0.0,67.3,0.1,15.6,181.0,0.3,1.5
Charlie Kolar,TE,LAC,0.0,0.0,0.0,1.3,0.0,15.8,178.6,1.5,1.5
John Bates,TE,WAS,0.0,0.0,0.0,0.0,0.0,17.6,168.7,1.5,1.5
Lucas Krull,TE,DEN,0.0,0.0,0.0,0.0,0.0,24.3,217.8,0.1,1.5
Jakobie Keeney-James,WR,GB,0.0,0.0,0.0,0.0,0.0,20.1,241.0,0.0,1.5
Reggie Gilliam,RB,NE,0.0,0.0,0.0,58.5,2.9,6.8,52.0,0.4,1.5
E.J. Jenkins,TE,PHI,0.0,0.0,0.0,0.0,0.0,10.8,102.5,3.1,1.5
Cedrick Wilson Jr.,WR,DET,12.3,0.6,0.0,0.0,0.0,15.8,178.1,0.9,1.5
Nate Adkins,TE,DEN,0.0,0.0,0.0,0.0,0.0,16.9,152.3,1.7,1.5
Ashton Dulin,WR,IND,0.0,0.0,0.0,39.0,0.7,10.4,154.5,0.8,1.5
Adam Randall,RB,BAL,0.0,0.0,0.0,167.8,0.9,8.7,69.8,0.0,1.5
David Martin-Robinson,TE,TEN,0.0,0.0,0.0,0.0,0.0,15.2,140.6,1.9,1.5
Luke Farrell,TE,SF,0.0,0.0,0.0,0.0,0.0,18.2,155.4,1.4,1.5
Jacardia Wright,RB,SEA,0.0,0.0,0.0,303.6,0.4,0.0,0.0,0.0,1.5
Tyler Goodson,RB,ATL,0.0,0.0,0.0,121.7,0.5,9.3,62.7,1.1,1.5
Corey Kiner,RB,ARI,0.0,0.0,0.0,186.9,0.5,8.4,60.8,0.1,1.5
Will Shipley,RB,PHI,0.0,0.0,0.0,127.4,0.5,12.8,91.2,0.2,1.5
Jonathan Mingo,WR,DAL,0.0,0.0,0.0,6.0,0.0,16.5,199.3,0.6,1.5
Jeremy McNichols,RB,WAS,0.0,0.0,0.0,124.3,0.9,11.4,82.6,0.1,1.5
Drew Sample,TE,CIN,0.0,0.0,0.0,3.4,0.2,19.8,158.2,0.8,1.5
Jha'Quan Jackson,WR,HOU,0.0,0.0,0.0,38.2,0.0,14.3,173.5,0.6,1.5
Brevyn Spann-Ford,TE,DAL,0.0,0.0,0.0,0.0,0.0,16.8,162.9,1.2,1.5
Cody White,WR,SEA,0.0,0.0,0.0,0.0,0.0,15.0,217.9,0.4,1.5
Charlie Jones,WR,CIN,0.0,0.0,0.0,0.0,0.0,9.3,113.1,2.6,1.5
Jake Bobo,WR,SEA,0.0,0.0,0.0,0.0,0.0,14.4,159.0,1.4,1.5
Andrew Ogletree,TE,IND,0.0,0.0,0.0,0.0,0.0,14.7,139.7,1.6,1.5
Kameron Johnson,WR,TB,0.0,0.0,0.0,35.2,0.2,11.1,143.1,1.0,1.5
Keleki Latu,TE,BUF,0.0,0.0,0.0,0.0,0.0,20.2,191.9,0.2,1.5
Mike Washington Jr.,RB,LV,0.0,0.0,0.0,152.0,0.8,7.8,63.2,0.0,1.5
Nikko Remigio,WR,KC,0.0,0.0,0.0,32.4,0.1,14.1,184.0,0.1,1.5
Nate Carter,RB,ATL,0.0,0.0,0.0,284.8,0.2,0.0,0.0,0.0,1.5
Savion Williams,WR,GB,0.0,0.0,0.0,77.9,0.3,10.2,113.8,0.6,1.5
Ben Sinnott,TE,WAS,0.0,0.0,0.0,0.0,0.0,16.2,155.7,1.0,1.5
Trevor Etienne,RB,CAR,0.0,0.0,0.0,154.7,1.5,4.2,29.8,0.0,1.5
Derius Davis,WR,LAC,0.0,0.0,0.0,54.9,0.3,10.9,118.7,0.8,1.5
Anthony Firkser,TE,WAS,0.0,0.0,0.0,0.0,0.0,17.1,153.5,0.9,1.5
Jonah Coleman,RB,DEN,0.0,0.0,0.0,146.2,0.8,7.6,60.8,0.0,1.5
Jamari Thrash,WR,CLE,0.0,0.0,0.0,0.0,0.0,16.8,194.8,0.2,1.5
Eric Saubert,TE,SEA,0.0,0.0,0.0,0.0,0.0,13.3,122.1,1.7,1.5
Ian Thomas,TE,LV,0.0,0.0,0.0,0.0,0.0,19.6,178.0,0.2,1.5
Adam Thielen,WR,MIN,0.0,0.0,0.0,0.0,0.0,14.4,168.2,0.8,1.5
Bryce Oliver,WR,TEN,0.0,0.0,0.0,0.0,0.0,15.6,196.6,0.2,1.5
Moliki Matavao,TE,NO,0.0,0.0,0.0,0.0,0.0,19.9,185.4,0.0,1.5
Rasheen Ali,RB,BAL,0.0,0.0,0.0,73.4,0.2,14.5,106.7,0.3,1.5
Xavier Gipson,WR,NYG,0.0,0.0,0.0,6.7,0.0,12.8,135.6,1.2,1.5
Harrison Bryant,TE,SEA,0.0,0.0,0.0,0.0,0.0,18.4,168.5,0.3,1.5
Velus Jones Jr.,WR,SEA,0.0,0.0,0.0,217.2,0.2,2.2,26.3,0.0,1.5
Jordan Watkins,WR,SF,0.0,0.0,0.0,0.0,0.0,14.5,179.0,0.2,1.5
Odell Beckham Jr.,WR,NYG,0.0,0.0,0.0,0.0,0.0,11.7,126.1,1.3,1.5
Amar Johnson,RB,LAC,0.0,0.0,0.0,121.9,0.1,10.9,79.6,0.0,1.5
Chris Collier,RB,LV,0.0,0.0,0.0,131.8,0.1,9.8,67.8,0.1,1.5
Mo Alie-Cox,TE,IND,0.0,0.0,0.0,0.0,0.0,12.4,121.2,1.3,1.5
Brenden Bates,TE,CLE,0.0,0.0,0.0,0.0,0.0,13.4,132.9,1.0,1.5
Arian Smith,WR,NYJ,0.0,0.0,0.0,26.5,0.0,12.5,141.2,0.5,1.5
Josh Williams,RB,TB,0.0,0.0,0.0,235.3,0.4,0.0,0.0,0.0,1.5
Johnny Mundt,TE,PHI,0.0,0.0,0.0,0.0,0.0,14.3,139.8,0.8,1.5
Nicholas Singleton,RB,TEN,0.0,0.0,0.0,128.2,0.7,6.7,53.3,0.0,1.5
LeQuint Allen Jr.,RB,JAX,0.0,0.0,0.0,104.2,0.4,9.6,65.2,0.2,1.5
Jelani Woods,TE,NYJ,0.0,0.0,0.0,0.0,0.0,15.8,149.1,0.4,1.5
Hendon Hooker,QB,TEN,326.4,0.0,0.0,108.0,0.2,0.0,0.0,0.0,1.5
James Mitchell,TE,CAR,0.0,0.0,0.0,0.0,0.0,16.8,160.6,0.1,1.5
Ameer Abdullah,RB,JAX,0.0,0.0,0.0,63.2,0.7,10.6,72.1,0.3,1.5
Jack Stoll,TE,CLE,0.0,0.0,0.0,0.0,0.0,14.1,129.0,0.8,1.5
Michael Bandy,WR,DEN,0.0,0.0,0.0,0.0,0.0,13.0,159.6,0.3,1.5
Tim Jones,WR,JAX,0.0,0.0,0.0,0.0,0.0,13.3,167.5,0.1,1.5
Ben Skowronek,WR,PIT,0.0,0.0,0.0,0.0,0.0,10.2,133.6,0.9,1.5
Brevin Jordan,TE,HOU,0.0,0.0,0.0,0.0,0.0,16.0,147.7,0.1,1.5
Charlie Woerner,TE,ATL,0.0,0.0,0.0,0.0,0.0,16.5,139.5,0.2,1.5
Will Kacmarek,TE,MIA,0.0,0.0,0.0,0.0,0.0,11.3,124.5,0.8,1.5
Tip Reiman,TE,ARI,0.0,0.0,0.0,0.0,0.0,15.9,141.0,0.1,1.5
Kaleb Johnson,RB,PIT,0.0,0.0,0.0,165.6,0.5,2.3,17.3,0.0,1.5
AJ Dillon,RB,CAR,0.0,0.0,0.0,115.2,0.3,5.3,38.2,0.4,1.5
Evan Hull,RB,HOU,0.0,0.0,0.0,173.5,0.4,1.8,13.1,0.0,1.5
Cam Grandy,TE,CIN,0.0,0.0,0.0,0.0,0.0,12.8,111.8,0.7,1.5
Trent Sherfield,WR,BUF,0.0,0.0,0.0,0.0,0.0,10.2,115.6,0.8,1.5
Terrace Marshall Jr.,WR,MIA,0.0,0.0,0.0,0.0,0.0,11.5,143.0,0.2,1.5
Dan Chisena,WR,CAR,0.0,0.0,0.0,0.0,0.0,11.9,146.6,0.1,1.5
Ben Yurosek,TE,MIN,0.0,0.0,0.0,0.0,0.0,14.6,137.9,0.0,1.5
Tahj Brooks,RB,CIN,0.0,0.0,0.0,159.0,0.1,3.7,27.7,0.0,1.5
Zach Wilson,QB,NO,262.8,0.0,0.0,103.0,0.0,0.0,0.0,0.0,1.5
Cody Schrader,RB,DEN,0.0,0.0,0.0,61.0,0.0,11.2,81.8,0.1,1.5
Elijah Mitchell,RB,PHI,0.0,0.0,0.0,0.0,0.0,9.9,71.8,1.4,1.5
DeeJay Dallas,RB,JAX,0.0,0.0,0.0,88.1,0.2,5.0,35.2,0.7,1.5
Julius Chestnut,RB,TEN,0.0,0.0,0.0,115.3,0.8,3.2,23.1,0.0,1.5
Brayden Willis,TE,SF,0.0,0.0,0.0,0.0,0.0,13.4,128.6,0.1,1.5
Dareke Young,WR,LV,0.0,0.0,0.0,0.0,0.0,9.7,127.7,0.3,1.5
Sam Roush,TE,CHI,0.0,0.0,0.0,0.0,0.0,9.5,104.7,0.7,1.5
Dylan Laube,RB,LV,0.0,0.0,0.0,81.2,0.1,8.5,61.0,0.0,1.5
Eli Raridon,TE,NE,0.0,0.0,0.0,0.0,0.0,9.3,102.0,0.7,1.5
Riley Nowakowski,TE,PIT,0.0,0.0,0.0,0.0,0.0,10.7,118.5,0.3,1.5
Durham Smythe,TE,BAL,0.0,0.0,0.0,0.0,0.0,11.8,100.4,0.5,1.5
Anthony Gould,WR,IND,0.0,0.0,0.0,0.0,0.0,10.2,119.5,0.3,1.5
Blake Whiteheart,TE,CLE,0.0,0.0,0.0,0.0,0.0,10.7,95.8,0.6,1.5
Quentin Skinner,WR,NYJ,0.0,0.0,0.0,0.0,0.0,9.9,121.4,0.2,1.5
Skyy Moore,WR,GB,0.0,0.0,0.0,16.4,0.0,8.5,111.6,0.2,1.5
Oscar Delp,TE,NO,0.0,0.0,0.0,0.0,0.0,9.1,100.4,0.6,1.5
Chris Blair,WR,ATL,0.0,0.0,0.0,0.0,0.0,9.2,114.3,0.3,1.5
Jacoby Jones,WR,WAS,0.0,0.0,0.0,0.0,0.0,9.9,126.6,0.0,1.5
Ben VanSumeren,RB,BUF,0.0,0.0,0.0,0.0,0.0,12.6,89.2,0.4,1.5
Sione Vaki,RB,DET,0.0,0.0,0.0,87.6,0.2,6.0,45.7,0.0,1.5
Tai Felton,WR,MIN,0.0,0.0,0.0,0.0,0.0,10.0,119.0,0.1,1.5
Will Mallory,TE,IND,0.0,0.0,0.0,0.0,0.0,11.8,114.8,0.0,1.5
Tyler Scott,WR,LA,0.0,0.0,0.0,0.0,0.0,9.9,119.6,0.0,1.5
Kendric Pryor,WR,CIN,0.0,0.0,0.0,0.0,0.0,9.4,114.2,0.1,1.5
Brandon Johnson,WR,LV,0.0,0.0,0.0,0.0,0.0,9.6,117.6,0.0,1.5
Coleman Owen,WR,IND,0.0,0.0,0.0,0.0,0.0,9.6,117.9,0.0,1.5
Josh Cuevas,TE,BAL,0.0,0.0,0.0,0.0,0.0,9.2,101.4,0.3,1.5
Matthew Hibner,TE,BAL,0.0,0.0,0.0,0.0,0.0,9.2,101.4,0.3,1.5
Jared Wiley,TE,KC,0.0,0.0,0.0,0.0,0.0,10.9,101.4,0.1,1.5
Colson Yankoff,TE,WAS,0.0,0.0,0.0,0.0,0.0,10.7,101.9,0.1,1.5
Tanner Koziol,TE,JAX,0.0,0.0,0.0,0.0,0.0,8.9,98.1,0.3,1.5
Teddy Bridgewater,QB,DET,275.1,0.0,0.0,51.3,0.0,0.0,0.0,0.0,1.5
Jaheim Bell,TE,PIT,0.0,0.0,0.0,0.0,0.0,10.3,98.6,0.1,1.5
Joe Royer,TE,CLE,0.0,0.0,0.0,0.0,0.0,8.4,92.7,0.3,1.5
Tyson Bagent,QB,CHI,203.2,0.0,0.0,72.1,0.0,0.0,0.0,0.0,1.5
Carter Runyon,TE,LV,0.0,0.0,0.0,0.0,0.0,10.4,97.5,0.0,1.5
Chris Manhertz,TE,NYG,0.0,0.0,0.0,0.0,0.0,6.1,58.1,1.0,1.5
Nick Mullens,QB,JAX,86.5,0.0,0.0,110.2,0.0,0.0,0.0,0.0,1.5
Max Bredeson,TE,MIN,0.0,0.0,0.0,0.0,0.0,8.1,89.1,0.2,1.5
Travis Homer,RB,PIT,0.0,0.0,0.0,69.2,0.2,4.8,33.8,0.0,1.5
Ke'Shawn Williams,WR,CIN,0.0,0.0,0.0,52.1,0.4,3.3,39.9,0.1,1.5
Jacob Saylors,RB,DET,0.0,0.0,0.0,131.6,0.1,0.0,0.0,0.0,1.5
Drew Allar,QB,PIT,357.8,0.0,0.7,8.1,0.0,0.0,0.0,0.0,1.5
Max Brosmer,QB,MIN,634.7,0.0,8.6,54.2,0.0,0.0,0.0,0.0,1.5
Malik Turner,WR,SF,0.0,0.0,0.0,0.0,0.0,7.5,92.4,0.1,1.5
Kendall Milton,RB,CIN,0.0,0.0,0.0,122.9,0.1,0.0,0.0,0.0,1.5
Brady Russell,RB,SEA,0.0,0.0,0.0,0.0,0.0,9.8,71.1,0.1,1.5
Justin Joly,TE,DEN,0.0,0.0,0.0,0.0,0.0,7.0,78.0,0.2,1.5
Robert Tonyan,TE,PIT,0.0,0.0,0.0,0.0,0.0,7.8,72.7,0.2,1.5
Kaden Wetjen,WR,PIT,0.0,0.0,0.0,0.0,0.0,9.2,70.8,0.0,1.5
Carson Beck,QB,ARI,296.7,0.0,0.6,6.7,0.0,0.0,0.0,0.0,1.5
Jarrett Stidham,QB,DEN,0.0,0.0,0.0,90.8,0.3,0.0,0.0,0.0,1.5
Elijah Sarratt,WR,BAL,0.0,0.0,0.0,0.0,0.0,7.9,60.6,0.0,1.5
Bryce Lance,WR,NO,0.0,0.0,0.0,0.0,0.0,7.7,59.2,0.0,1.5
Kyle Allen,QB,BUF,50.7,0.0,0.0,75.8,0.0,0.0,0.0,0.0,1.5
Reggie Virgil,WR,ARI,0.0,0.0,0.0,0.0,0.0,7.4,56.9,0.0,1.5
Kendrick Law,WR,DET,0.0,0.0,0.0,0.0,0.0,7.0,53.6,0.0,1.5
Malik Cunningham,WR,DET,0.0,0.0,0.0,75.2,0.2,0.0,0.0,0.0,1.5
Skyler Bell,WR,BUF,0.0,0.0,0.0,0.0,0.0,6.8,52.3,0.0,1.5
Feleipe Franks,TE,CAR,0.0,0.0,0.0,25.0,0.0,4.1,39.5,0.0,1.5
Colbie Young,WR,CIN,0.0,0.0,0.0,0.0,0.0,6.4,49.6,0.0,1.5
Patrick Ricard,RB,NYG,0.0,0.0,0.0,5.8,0.0,4.2,30.9,0.3,1.5
Ulysses Bentley IV,RB,IND,0.0,0.0,0.0,65.3,0.1,0.0,0.0,0.0,1.5
Adrian Martinez,QB,SF,0.0,0.0,0.0,66.1,0.0,0.0,0.0,0.0,1.5
Jalen Milroe,QB,SEA,0.0,0.0,0.0,65.2,0.0,0.0,0.0,0.0,1.5
Kalel Mullings,RB,TEN,0.0,0.0,0.0,58.4,0.0,0.0,0.0,0.0,1.5
Kaytron Allen,RB,WAS,0.0,0.0,0.0,10.4,0.0,0.6,2.5,0.0,1.5
Jam Miller,RB,NE,0.0,0.0,0.0,8.9,0.0,0.5,2.2,0.0,1.5
Seth McGowan,RB,IND,0.0,0.0,0.0,8.7,0.0,0.5,2.2,0.0,1.5
Demond Claiborne,RB,MIN,0.0,0.0,0.0,7.7,0.0,0.5,1.9,0.0,1.5
Kevin Coleman Jr.,WR,MIA,0.0,0.0,0.0,0.0,0.0,1.0,4.3,0.0,1.5
Deion Burks,WR,IND,0.0,0.0,0.0,0.0,0.0,0.9,3.5,0.0,1.5
Cyrus Allen,WR,KC,0.0,0.0,0.0,0.0,0.0,0.9,3.7,0.0,1.5
Barion Brown,WR,NO,0.0,0.0,0.0,0.0,0.0,0.8,3.5,0.0,1.5
Malik Benson,WR,LV,0.0,0.0,0.0,0.0,0.0,0.8,3.4,0.0,1.5
CJ Williams,WR,JAX,0.0,0.0,0.0,0.0,0.0,0.8,3.4,0.0,1.5
Lewis Bond,WR,HOU,0.0,0.0,0.0,0.0,0.0,0.8,3.3,0.0,1.5
Josh Cameron,WR,JAX,0.0,0.0,0.0,0.0,0.0,0.8,3.4,0.0,1.5
Anthony Smith,WR,DAL,0.0,0.0,0.0,0.0,0.0,0.7,2.9,0.0,1.5
Emmanuel Henderson Jr.,WR,SEA,0.0,0.0,0.0,0.0,0.0,0.7,3.0,0.0,1.5
CJ Daniels,WR,LA,0.0,0.0,0.0,0.0,0.0,0.7,2.8,0.0,1.5
Cade Klubnik,QB,NYJ,2.0,0.0,0.0,0.0,0.0,0.0,0.0,0.0,1.5
Bauer Sharp,TE,TB,0.0,0.0,0.0,0.0,0.0,0.0,0.0,0.0,1.5
Athan Kaliakmanis,QB,WAS,0.0,0.0,0.0,0.0,0.0,0.0,0.0,0.0,1.5
Jack Endries,TE,CIN,0.0,0.0,0.0,0.0,0.0,0.0,0.0,0.0,1.5
Seydou Traore,TE,MIA,0.0,0.0,0.0,0.0,0.0,0.0,0.0,0.0,1.5
Taylen Green,QB,CLE,0.0,0.0,0.0,0.0,0.0,0.0,0.0,0.0,1.5
Cole Payton,QB,PHI,0.0,0.0,0.0,0.0,0.0,0.0,0.0,0.0,1.5
Kedon Slovis,QB,ARI,0.0,0.0,0.0,0.0,0.0,0.0,0.0,0.0,1.5
Jaren Kanak,TE,TEN,0.0,0.0,0.0,0.0,0.0,0.0,0.0,0.0,1.5
Behren Morton,QB,NE,0.0,0.0,0.0,0.0,0.0,0.0,0.0,0.0,1.5
Garrett Nussmeier,QB,KC,0.0,0.0,0.0,0.0,0.0,0.0,0.0,0.0,1.5
Carsen Ryan,TE,CLE,0.0,0.0,0.0,0.0,0.0,0.0,0.0,0.0,1.5
Dallen Bentley,TE,DEN,0.0,0.0,0.0,0.0,0.0,0.0,0.0,0.0,1.5
Sam Howell,QB,DAL,392.8,0.0,15.0,69.4,0.0,0.0,0.0,0.0,1.5
